date,time,latitude,longitude,magnitude,epicenter,date_ad,date_bs,local_time,utc_time,datetime_local,datetime_utc,datetime_npt,timezone
B.S.: 2050-11-24A.D.: 1994-03-08,Local: 07:50UTC: 02:05,29.33,81.83,4,Kalikot,1994-03-08,2050-11-24,07:50,02:05,1994-03-08 07:50:00,1994-03-08 02:05:00,1994-03-08 07:50:00,UTC
B.S.: 2051-01-20A.D.: 1994-05-03,Local: 00:30UTC: 18:45,28.52,83.03,4.4,Baglung,1994-05-03,2051-01-20,00:30,18:45,1994-05-03 00:30:00,1994-05-03 18:45:00,1994-05-04 00:30:00,UTC
B.S.: 2051-02-11A.D.: 1994-05-25,Local: 12:00UTC: 06:15,29.81,81.77,4,Bajura,1994-05-25,2051-02-11,12:00,06:15,1994-05-25 12:00:00,1994-05-25 06:15:00,1994-05-25 12:00:00,UTC
B.S.: 2051-02-11A.D.: 1994-05-25,Local: 19:10UTC: 13:25,29.8,82.41,4.5,Mugu,1994-05-25,2051-02-11,19:10,13:25,1994-05-25 19:10:00,1994-05-25 13:25:00,1994-05-25 19:10:00,UTC
B.S.: 2051-03-11A.D.: 1994-06-25,Local: 14:17UTC: 08:32,27.82,86.19,5.1,Dolakha,1994-06-25,2051-03-11,14:17,08:32,1994-06-25 14:17:00,1994-06-25 08:32:00,1994-06-25 14:17:00,UTC
B.S.: 2051-04-32A.D.: 1994-08-16,Local: 01:44UTC: 19:59,26.92,86.62,4,Udayapur,1994-08-16,2051-04-32,01:44,19:59,1994-08-16 01:44:00,1994-08-16 19:59:00,1994-08-17 01:44:00,UTC
B.S.: 2051-06-11A.D.: 1994-09-27,Local: 19:42UTC: 13:57,26.81,86.09,4.1,Dhanusha,1994-09-27,2051-06-11,19:42,13:57,1994-09-27 19:42:00,1994-09-27 13:57:00,1994-09-27 19:42:00,UTC
B.S.: 2051-07-05A.D.: 1994-10-22,Local: 13:35UTC: 07:50,28.82,82.22,4.5,Jajarkot,1994-10-22,2051-07-05,13:35,07:50,1994-10-22 13:35:00,1994-10-22 07:50:00,1994-10-22 13:35:00,UTC
B.S.: 2051-07-07A.D.: 1994-10-24,Local: 05:45UTC: 00:00,28.82,81.97,4.5,Jajarkot,1994-10-24,2051-07-07,05:45,00:00,1994-10-24 05:45:00,1994-10-24 00:00:00,1994-10-24 05:45:00,UTC
B.S.: 2051-07-21A.D.: 1994-11-07,Local: 14:25UTC: 08:40,29.77,80.7,4.4,Darchula,1994-11-07,2051-07-21,14:25,08:40,1994-11-07 14:25:00,1994-11-07 08:40:00,1994-11-07 14:25:00,UTC
B.S.: 2051-08-11A.D.: 1994-11-27,Local: 22:42UTC: 16:57,29.73,81.65,4.6,Bajura,1994-11-27,2051-08-11,22:42,16:57,1994-11-27 22:42:00,1994-11-27 16:57:00,1994-11-27 22:42:00,UTC
B.S.: 2051-08-23A.D.: 1994-12-09,Local: 02:17UTC: 20:32,27.79,85.82,4.1,Sindhupalchok,1994-12-09,2051-08-23,02:17,20:32,1994-12-09 02:17:00,1994-12-09 20:32:00,1994-12-10 02:17:00,UTC
B.S.: 2051-08-27A.D.: 1994-12-13,Local: 14:26UTC: 08:41,28.47,82.98,4.5,Baglung,1994-12-13,2051-08-27,14:26,08:41,1994-12-13 14:26:00,1994-12-13 08:41:00,1994-12-13 14:26:00,UTC
B.S.: 2051-09-06A.D.: 1994-12-21,Local: 19:23UTC: 13:38,27.9,84.99,4.2,Dhading,1994-12-21,2051-09-06,19:23,13:38,1994-12-21 19:23:00,1994-12-21 13:38:00,1994-12-21 19:23:00,UTC
B.S.: 2051-09-21A.D.: 1995-01-05,Local: 17:23UTC: 11:38,29.82,80.95,4.4,Darchula,1995-01-05,2051-09-21,17:23,11:38,1995-01-05 17:23:00,1995-01-05 11:38:00,1995-01-05 17:23:00,UTC
B.S.: 2051-10-05A.D.: 1995-01-19,Local: 12:18UTC: 06:33,28.35,83.44,4.3,Myagdi*,1995-01-19,2051-10-05,12:18,06:33,1995-01-19 12:18:00,1995-01-19 06:33:00,1995-01-19 12:18:00,UTC
B.S.: 2051-10-08A.D.: 1995-01-22,Local: 11:58UTC: 06:13,27.9,87.8,4,Taplejung,1995-01-22,2051-10-08,11:58,06:13,1995-01-22 11:58:00,1995-01-22 06:13:00,1995-01-22 11:58:00,UTC
B.S.: 2051-10-13A.D.: 1995-01-27,Local: 23:05UTC: 17:20,29.08,81.73,4.3,Kalikot,1995-01-27,2051-10-13,23:05,17:20,1995-01-27 23:05:00,1995-01-27 17:20:00,1995-01-27 23:05:00,UTC
B.S.: 2051-10-15A.D.: 1995-01-29,Local: 02:37UTC: 20:52,26.85,86.11,4.5,Dhanusha,1995-01-29,2051-10-15,02:37,20:52,1995-01-29 02:37:00,1995-01-29 20:52:00,1995-01-30 02:37:00,UTC
B.S.: 2051-10-16A.D.: 1995-01-30,Local: 08:51UTC: 03:06,29.26,82.57,4.5,Dolpa,1995-01-30,2051-10-16,08:51,03:06,1995-01-30 08:51:00,1995-01-30 03:06:00,1995-01-30 08:51:00,UTC
B.S.: 2051-10-16A.D.: 1995-01-30,Local: 19:41UTC: 13:56,29.22,82.25,4.4,Jumla,1995-01-30,2051-10-16,19:41,13:56,1995-01-30 19:41:00,1995-01-30 13:56:00,1995-01-30 19:41:00,UTC
B.S.: 2051-10-23A.D.: 1995-02-06,Local: 14:05UTC: 08:20,27.14,87.74,4.1,Panchthar,1995-02-06,2051-10-23,14:05,08:20,1995-02-06 14:05:00,1995-02-06 08:20:00,1995-02-06 14:05:00,UTC
B.S.: 2051-10-25A.D.: 1995-02-08,Local: 10:17UTC: 04:32,29.46,81.07,4,Bajhang,1995-02-08,2051-10-25,10:17,04:32,1995-02-08 10:17:00,1995-02-08 04:32:00,1995-02-08 10:17:00,UTC
B.S.: 2051-11-06A.D.: 1995-02-18,Local: 18:54UTC: 13:09,27.81,85.89,4.7,Sindhupalchok,1995-02-18,2051-11-06,18:54,13:09,1995-02-18 18:54:00,1995-02-18 13:09:00,1995-02-18 18:54:00,UTC
B.S.: 2051-11-16A.D.: 1995-02-28,Local: 21:00UTC: 15:15,29.96,80.78,4.1,Darchula,1995-02-28,2051-11-16,21:00,15:15,1995-02-28 21:00:00,1995-02-28 15:15:00,1995-02-28 21:00:00,UTC
B.S.: 2051-12-13A.D.: 1995-03-27,Local: 03:06UTC: 21:21,29.3,81.8,4.1,Kalikot,1995-03-27,2051-12-13,03:06,21:21,1995-03-27 03:06:00,1995-03-27 21:21:00,1995-03-28 03:06:00,UTC
B.S.: 2052-01-04A.D.: 1995-04-17,Local: 07:17UTC: 01:32,29.39,81.83,5.5,Kalikot,1995-04-17,2052-01-04,07:17,01:32,1995-04-17 07:17:00,1995-04-17 01:32:00,1995-04-17 07:17:00,UTC
B.S.: 2052-01-04A.D.: 1995-04-17,Local: 23:19UTC: 17:34,29.52,81.65,4.9,Bajura,1995-04-17,2052-01-04,23:19,17:34,1995-04-17 23:19:00,1995-04-17 17:34:00,1995-04-17 23:19:00,UTC
B.S.: 2052-01-26A.D.: 1995-05-09,Local: 03:30UTC: 21:45,28.59,84.5,4.1,Manang,1995-05-09,2052-01-26,03:30,21:45,1995-05-09 03:30:00,1995-05-09 21:45:00,1995-05-10 03:30:00,UTC
B.S.: 2052-02-22A.D.: 1995-06-05,Local: 18:40UTC: 12:55,29.43,81.71,4.5,Bajura,1995-06-05,2052-02-22,18:40,12:55,1995-06-05 18:40:00,1995-06-05 12:55:00,1995-06-05 18:40:00,UTC
B.S.: 2052-02-28A.D.: 1995-06-11,Local: 12:24UTC: 06:39,27.4,87.96,4.2,Taplejung,1995-06-11,2052-02-28,12:24,06:39,1995-06-11 12:24:00,1995-06-11 06:39:00,1995-06-11 12:24:00,UTC
B.S.: 2052-04-08A.D.: 1995-07-24,Local: 14:57UTC: 09:12,28.02,86.78,4.1,Solukhumbu,1995-07-24,2052-04-08,14:57,09:12,1995-07-24 14:57:00,1995-07-24 09:12:00,1995-07-24 14:57:00,UTC
B.S.: 2052-04-10A.D.: 1995-07-26,Local: 06:21UTC: 00:36,28.81,80.45,4.2,Kanchanpur,1995-07-26,2052-04-10,06:21,00:36,1995-07-26 06:21:00,1995-07-26 00:36:00,1995-07-26 06:21:00,UTC
B.S.: 2052-04-18A.D.: 1995-08-03,Local: 08:50UTC: 03:05,30.04,81.54,5,Humla,1995-08-03,2052-04-18,08:50,03:05,1995-08-03 08:50:00,1995-08-03 03:05:00,1995-08-03 08:50:00,UTC
B.S.: 2052-04-20A.D.: 1995-08-05,Local: 11:06UTC: 05:21,30,81.6,4,Humla*,1995-08-05,2052-04-20,11:06,05:21,1995-08-05 11:06:00,1995-08-05 05:21:00,1995-08-05 11:06:00,UTC
B.S.: 2052-04-22A.D.: 1995-08-07,Local: 05:57UTC: 00:12,29.88,81.62,4.9,Bajura,1995-08-07,2052-04-22,05:57,00:12,1995-08-07 05:57:00,1995-08-07 00:12:00,1995-08-07 05:57:00,UTC
B.S.: 2052-04-23A.D.: 1995-08-08,Local: 00:54UTC: 19:09,30,81.58,4.3,Humla,1995-08-08,2052-04-23,00:54,19:09,1995-08-08 00:54:00,1995-08-08 19:09:00,1995-08-09 00:54:00,UTC
B.S.: 2052-06-18A.D.: 1995-10-04,Local: 20:24UTC: 14:39,28.26,84.39,4.7,Lamjung,1995-10-04,2052-06-18,20:24,14:39,1995-10-04 20:24:00,1995-10-04 14:39:00,1995-10-04 20:24:00,UTC
B.S.: 2052-07-10A.D.: 1995-10-27,Local: 17:18UTC: 11:33,28.76,83.72,4.2,Mustang,1995-10-27,2052-07-10,17:18,11:33,1995-10-27 17:18:00,1995-10-27 11:33:00,1995-10-27 17:18:00,UTC
B.S.: 2052-07-26A.D.: 1995-11-12,Local: 23:41UTC: 17:56,28.14,85.34,4.2,Rasuwa,1995-11-12,2052-07-26,23:41,17:56,1995-11-12 23:41:00,1995-11-12 17:56:00,1995-11-12 23:41:00,UTC
B.S.: 2052-09-09A.D.: 1995-12-24,Local: 00:47UTC: 19:02,27.55,86.27,4.1,Ramechhap,1995-12-24,2052-09-09,00:47,19:02,1995-12-24 00:47:00,1995-12-24 19:02:00,1995-12-25 00:47:00,UTC
B.S.: 2052-10-13A.D.: 1996-01-27,Local: 06:20UTC: 00:35,28.06,84.26,4.4,Tanahu,1996-01-27,2052-10-13,06:20,00:35,1996-01-27 06:20:00,1996-01-27 00:35:00,1996-01-27 06:20:00,UTC
B.S.: 2052-10-24A.D.: 1996-02-07,Local: 16:41UTC: 10:56,29.37,80.37,5,Baitadi,1996-02-07,2052-10-24,16:41,10:56,1996-02-07 16:41:00,1996-02-07 10:56:00,1996-02-07 16:41:00,UTC
B.S.: 2052-11-07A.D.: 1996-02-19,Local: 04:13UTC: 22:28,29.79,81.36,4,Bajhang,1996-02-19,2052-11-07,04:13,22:28,1996-02-19 04:13:00,1996-02-19 22:28:00,1996-02-20 04:13:00,UTC
B.S.: 2052-11-07A.D.: 1996-02-19,Local: 04:16UTC: 22:31,29.74,81.36,4.1,Bajhang,1996-02-19,2052-11-07,04:16,22:31,1996-02-19 04:16:00,1996-02-19 22:31:00,1996-02-20 04:16:00,UTC
B.S.: 2052-11-14A.D.: 1996-02-26,Local: 10:35UTC: 04:50,29.83,80.93,4,Darchula,1996-02-26,2052-11-14,10:35,04:50,1996-02-26 10:35:00,1996-02-26 04:50:00,1996-02-26 10:35:00,UTC
B.S.: 2052-12-23A.D.: 1996-04-05,Local: 04:22UTC: 22:37,26.9,86.36,4,Udayapur,1996-04-05,2052-12-23,04:22,22:37,1996-04-05 04:22:00,1996-04-05 22:37:00,1996-04-06 04:22:00,UTC
B.S.: 2053-01-14A.D.: 1996-04-26,Local: 22:16UTC: 16:31,27.95,87.76,5.6,Taplejung,1996-04-26,2053-01-14,22:16,16:31,1996-04-26 22:16:00,1996-04-26 16:31:00,1996-04-26 22:16:00,UTC
B.S.: 2053-02-14A.D.: 1996-05-27,Local: 13:04UTC: 07:19,27.4,86.95,4,Bhojpur,1996-05-27,2053-02-14,13:04,07:19,1996-05-27 13:04:00,1996-05-27 07:19:00,1996-05-27 13:04:00,UTC
B.S.: 2053-02-14A.D.: 1996-05-27,Local: 14:04UTC: 08:19,27.38,86.9,4.4,Khotang,1996-05-27,2053-02-14,14:04,08:19,1996-05-27 14:04:00,1996-05-27 08:19:00,1996-05-27 14:04:00,UTC
B.S.: 2053-03-26A.D.: 1996-07-10,Local: 23:26UTC: 17:41,29.15,82.15,4.2,Jumla,1996-07-10,2053-03-26,23:26,17:41,1996-07-10 23:26:00,1996-07-10 17:41:00,1996-07-10 23:26:00,UTC
B.S.: 2053-03-30A.D.: 1996-07-14,Local: 16:38UTC: 10:53,29.55,81.04,4,Bajhang,1996-07-14,2053-03-30,16:38,10:53,1996-07-14 16:38:00,1996-07-14 10:53:00,1996-07-14 16:38:00,UTC
B.S.: 2053-04-13A.D.: 1996-07-28,Local: 12:10UTC: 06:25,29.45,81.94,4,Mugu,1996-07-28,2053-04-13,12:10,06:25,1996-07-28 12:10:00,1996-07-28 06:25:00,1996-07-28 12:10:00,UTC
B.S.: 2053-04-24A.D.: 1996-08-08,Local: 18:50UTC: 13:05,27.19,88.01,4.2,Panchthar,1996-08-08,2053-04-24,18:50,13:05,1996-08-08 18:50:00,1996-08-08 13:05:00,1996-08-08 18:50:00,UTC
B.S.: 2053-05-12A.D.: 1996-08-28,Local: 06:53UTC: 01:08,29.58,81.65,4.3,Bajura*,1996-08-28,2053-05-12,06:53,01:08,1996-08-28 06:53:00,1996-08-28 01:08:00,1996-08-28 06:53:00,UTC
B.S.: 2053-05-31A.D.: 1996-09-16,Local: 03:55UTC: 22:10,29.9,81.69,4.1,Bajura,1996-09-16,2053-05-31,03:55,22:10,1996-09-16 03:55:00,1996-09-16 22:10:00,1996-09-17 03:55:00,UTC
B.S.: 2053-06-01A.D.: 1996-09-17,Local: 00:48UTC: 19:03,30.11,81.64,4.4,Humla,1996-09-17,2053-06-01,00:48,19:03,1996-09-17 00:48:00,1996-09-17 19:03:00,1996-09-18 00:48:00,UTC
B.S.: 2053-06-06A.D.: 1996-09-22,Local: 03:42UTC: 21:57,29.17,81.09,4.1,Achham,1996-09-22,2053-06-06,03:42,21:57,1996-09-22 03:42:00,1996-09-22 21:57:00,1996-09-23 03:42:00,UTC
B.S.: 2053-07-15A.D.: 1996-10-31,Local: 21:46UTC: 16:01,29.32,81.95,4.3,Jumla,1996-10-31,2053-07-15,21:46,16:01,1996-10-31 21:46:00,1996-10-31 16:01:00,1996-10-31 21:46:00,UTC
B.S.: 2053-07-19A.D.: 1996-11-04,Local: 02:28UTC: 20:43,29.51,81.95,4.3,Bajura,1996-11-04,2053-07-19,02:28,20:43,1996-11-04 02:28:00,1996-11-04 20:43:00,1996-11-05 02:28:00,UTC
B.S.: 2053-07-23A.D.: 1996-11-08,Local: 06:39UTC: 00:54,29.67,81.7,4.9,Bajura,1996-11-08,2053-07-23,06:39,00:54,1996-11-08 06:39:00,1996-11-08 00:54:00,1996-11-08 06:39:00,UTC
B.S.: 2053-09-07A.D.: 1996-12-22,Local: 22:36UTC: 16:51,29.01,81.73,4.4,Dailekh,1996-12-22,2053-09-07,22:36,16:51,1996-12-22 22:36:00,1996-12-22 16:51:00,1996-12-22 22:36:00,UTC
B.S.: 2053-09-07A.D.: 1996-12-22,Local: 03:30UTC: 21:45,28.56,81.96,4.1,Surkhet,1996-12-22,2053-09-07,03:30,21:45,1996-12-22 03:30:00,1996-12-22 21:45:00,1996-12-23 03:30:00,UTC
B.S.: 2053-09-14A.D.: 1996-12-29,Local: 03:36UTC: 21:51,29.75,81.83,5.2,Humla,1996-12-29,2053-09-14,03:36,21:51,1996-12-29 03:36:00,1996-12-29 21:51:00,1996-12-30 03:36:00,UTC
B.S.: 2053-09-15A.D.: 1996-12-30,Local: 16:53UTC: 11:08,27.22,86.91,5.7,Khotang,1996-12-30,2053-09-15,16:53,11:08,1996-12-30 16:53:00,1996-12-30 11:08:00,1996-12-30 16:53:00,UTC
B.S.: 2053-09-16A.D.: 1996-12-31,Local: 12:54UTC: 07:09,26.94,86.54,4.4,Udayapur,1996-12-31,2053-09-16,12:54,07:09,1996-12-31 12:54:00,1996-12-31 07:09:00,1996-12-31 12:54:00,UTC
B.S.: 2053-09-21A.D.: 1997-01-05,Local: 14:32UTC: 08:47,29.79,80.59,5.6,Darchula,1997-01-05,2053-09-21,14:32,08:47,1997-01-05 14:32:00,1997-01-05 08:47:00,1997-01-05 14:32:00,UTC
B.S.: 2053-10-18A.D.: 1997-01-31,Local: 01:47UTC: 20:02,28.03,85.34,5.8,Rasuwa,1997-01-31,2053-10-18,01:47,20:02,1997-01-31 01:47:00,1997-01-31 20:02:00,1997-02-01 01:47:00,UTC
B.S.: 2053-10-18A.D.: 1997-01-31,Local: 02:27UTC: 20:42,28.03,85.33,4.2,Rasuwa,1997-01-31,2053-10-18,02:27,20:42,1997-01-31 02:27:00,1997-01-31 20:42:00,1997-02-01 02:27:00,UTC
B.S.: 2053-10-18A.D.: 1997-01-31,Local: 02:40UTC: 20:55,28,85.29,4.9,Rasuwa,1997-01-31,2053-10-18,02:40,20:55,1997-01-31 02:40:00,1997-01-31 20:55:00,1997-02-01 02:40:00,UTC
B.S.: 2053-10-19A.D.: 1997-02-01,Local: 11:40UTC: 05:55,28.01,85.32,5,Rasuwa,1997-02-01,2053-10-19,11:40,05:55,1997-02-01 11:40:00,1997-02-01 05:55:00,1997-02-01 11:40:00,UTC
B.S.: 2053-10-21A.D.: 1997-02-03,Local: 06:28UTC: 00:43,28.01,85.34,4.7,Rasuwa,1997-02-03,2053-10-21,06:28,00:43,1997-02-03 06:28:00,1997-02-03 00:43:00,1997-02-03 06:28:00,UTC
B.S.: 2053-10-21A.D.: 1997-02-03,Local: 16:23UTC: 10:38,28.09,85.32,5.1,Rasuwa,1997-02-03,2053-10-21,16:23,10:38,1997-02-03 16:23:00,1997-02-03 10:38:00,1997-02-03 16:23:00,UTC
B.S.: 2053-10-24A.D.: 1997-02-06,Local: 19:55UTC: 14:10,27.96,85.32,4.1,Nuwakot,1997-02-06,2053-10-24,19:55,14:10,1997-02-06 19:55:00,1997-02-06 14:10:00,1997-02-06 19:55:00,UTC
B.S.: 2053-10-26A.D.: 1997-02-08,Local: 11:01UTC: 05:16,27.96,85.32,5.4,Nuwakot*,1997-02-08,2053-10-26,11:01,05:16,1997-02-08 11:01:00,1997-02-08 05:16:00,1997-02-08 11:01:00,UTC
B.S.: 2053-10-28A.D.: 1997-02-10,Local: 01:51UTC: 20:06,28.04,85.31,5,Rasuwa,1997-02-10,2053-10-28,01:51,20:06,1997-02-10 01:51:00,1997-02-10 20:06:00,1997-02-11 01:51:00,UTC
B.S.: 2053-11-07A.D.: 1997-02-18,Local: 12:40UTC: 06:55,29.52,81.33,4.4,Bajhang,1997-02-18,2053-11-07,12:40,06:55,1997-02-18 12:40:00,1997-02-18 06:55:00,1997-02-18 12:40:00,UTC
B.S.: 2053-11-20A.D.: 1997-03-03,Local: 15:14UTC: 09:29,26.89,86.35,5.2,Udayapur,1997-03-03,2053-11-20,15:14,09:29,1997-03-03 15:14:00,1997-03-03 09:29:00,1997-03-03 15:14:00,UTC
B.S.: 2053-12-11A.D.: 1997-03-24,Local: 03:13UTC: 21:28,28.08,85.29,5.4,Rasuwa,1997-03-24,2053-12-11,03:13,21:28,1997-03-24 03:13:00,1997-03-24 21:28:00,1997-03-25 03:13:00,UTC
B.S.: 2053-12-16A.D.: 1997-03-29,Local: 12:55UTC: 07:10,27.97,85.26,4.3,Nuwakot,1997-03-29,2053-12-16,12:55,07:10,1997-03-29 12:55:00,1997-03-29 07:10:00,1997-03-29 12:55:00,UTC
B.S.: 2053-12-25A.D.: 1997-04-07,Local: 18:45UTC: 13:00,27.47,86.67,5.1,Solukhumbu,1997-04-07,2053-12-25,18:45,13:00,1997-04-07 18:45:00,1997-04-07 13:00:00,1997-04-07 18:45:00,UTC
B.S.: 2054-01-03A.D.: 1997-04-15,Local: 13:04UTC: 07:19,27.63,86.58,4.1,Solukhumbu,1997-04-15,2054-01-03,13:04,07:19,1997-04-15 13:04:00,1997-04-15 07:19:00,1997-04-15 13:04:00,UTC
B.S.: 2054-01-19A.D.: 1997-05-01,Local: 21:22UTC: 15:37,29.34,80.64,4.2,Dadeldhura,1997-05-01,2054-01-19,21:22,15:37,1997-05-01 21:22:00,1997-05-01 15:37:00,1997-05-01 21:22:00,UTC
B.S.: 2054-01-30A.D.: 1997-05-12,Local: 22:06UTC: 16:21,27.7,87.78,4.2,Taplejung,1997-05-12,2054-01-30,22:06,16:21,1997-05-12 22:06:00,1997-05-12 16:21:00,1997-05-12 22:06:00,UTC
B.S.: 2054-02-08A.D.: 1997-05-21,Local: 04:36UTC: 22:51,23.71,80.47,6,India,1997-05-21,2054-02-08,04:36,22:51,1997-05-21 04:36:00,1997-05-21 22:51:00,1997-05-22 04:36:00,UTC
B.S.: 2054-02-13A.D.: 1997-05-26,Local: 06:30UTC: 00:45,27.34,86.78,4,Khotang,1997-05-26,2054-02-13,06:30,00:45,1997-05-26 06:30:00,1997-05-26 00:45:00,1997-05-26 06:30:00,UTC
B.S.: 2054-02-13A.D.: 1997-05-26,Local: 08:49UTC: 03:04,27.42,86.8,4.2,Solukhumbu,1997-05-26,2054-02-13,08:49,03:04,1997-05-26 08:49:00,1997-05-26 03:04:00,1997-05-26 08:49:00,UTC
B.S.: 2054-03-03A.D.: 1997-06-17,Local: 12:11UTC: 06:26,28.93,81.48,4.1,Dailekh,1997-06-17,2054-03-03,12:11,06:26,1997-06-17 12:11:00,1997-06-17 06:26:00,1997-06-17 12:11:00,UTC
B.S.: 2054-05-21A.D.: 1997-09-06,Local: 08:20UTC: 02:35,28.38,81.48,4,Bardiya,1997-09-06,2054-05-21,08:20,02:35,1997-09-06 08:20:00,1997-09-06 02:35:00,1997-09-06 08:20:00,UTC
B.S.: 2054-06-25A.D.: 1997-10-11,Local: 15:56UTC: 10:11,27.7,86.46,5,Ramechhap,1997-10-11,2054-06-25,15:56,10:11,1997-10-11 15:56:00,1997-10-11 10:11:00,1997-10-11 15:56:00,UTC
B.S.: 2054-07-08A.D.: 1997-10-24,Local: 17:51UTC: 12:06,28.66,82.54,5.2,Rukum,1997-10-24,2054-07-08,17:51,12:06,1997-10-24 17:51:00,1997-10-24 12:06:00,1997-10-24 17:51:00,UTC
B.S.: 2054-08-11A.D.: 1997-11-26,Local: 03:41UTC: 21:56,27.88,86.34,4.7,Dolakha,1997-11-26,2054-08-11,03:41,21:56,1997-11-26 03:41:00,1997-11-26 21:56:00,1997-11-27 03:41:00,UTC
B.S.: 2054-08-12A.D.: 1997-11-27,Local: 21:57UTC: 16:12,27.74,87,5.5,Sankhuwasabha,1997-11-27,2054-08-12,21:57,16:12,1997-11-27 21:57:00,1997-11-27 16:12:00,1997-11-27 21:57:00,UTC
B.S.: 2054-08-23A.D.: 1997-12-08,Local: 07:48UTC: 02:03,27.94,87.07,5.6,Sankhuwasabha,1997-12-08,2054-08-23,07:48,02:03,1997-12-08 07:48:00,1997-12-08 02:03:00,1997-12-08 07:48:00,UTC
B.S.: 2054-08-23A.D.: 1997-12-08,Local: 12:22UTC: 06:37,27.02,86.92,4.5,Khotang*,1997-12-08,2054-08-23,12:22,06:37,1997-12-08 12:22:00,1997-12-08 06:37:00,1997-12-08 12:22:00,UTC
B.S.: 2054-10-30A.D.: 1998-02-12,Local: 08:25UTC: 02:40,27.59,88.19,4.6,Taplejung,1998-02-12,2054-10-30,08:25,02:40,1998-02-12 08:25:00,1998-02-12 02:40:00,1998-02-12 08:25:00,UTC
B.S.: 2054-11-10A.D.: 1998-02-22,Local: 08:25UTC: 02:40,28.72,85.52,5.5,Tibet,1998-02-22,2054-11-10,08:25,02:40,1998-02-22 08:25:00,1998-02-22 02:40:00,1998-02-22 08:25:00,UTC
B.S.: 2054-11-16A.D.: 1998-02-28,Local: 13:56UTC: 08:11,27.12,86.77,4,Khotang,1998-02-28,2054-11-16,13:56,08:11,1998-02-28 13:56:00,1998-02-28 08:11:00,1998-02-28 13:56:00,UTC
B.S.: 2055-01-27A.D.: 1998-05-10,Local: 20:41UTC: 14:56,29.41,82.38,4.7,Jumla,1998-05-10,2055-01-27,20:41,14:56,1998-05-10 20:41:00,1998-05-10 14:56:00,1998-05-10 20:41:00,UTC
B.S.: 2055-02-02A.D.: 1998-05-16,Local: 16:16UTC: 10:31,26.83,84.87,5.5,Bihar,1998-05-16,2055-02-02,16:16,10:31,1998-05-16 16:16:00,1998-05-16 10:31:00,1998-05-16 16:16:00,UTC
B.S.: 2055-03-13A.D.: 1998-06-27,Local: 14:50UTC: 09:05,27.87,85.81,5.4,Sindhupalchok,1998-06-27,2055-03-13,14:50,09:05,1998-06-27 14:50:00,1998-06-27 09:05:00,1998-06-27 14:50:00,UTC
B.S.: 2055-03-31A.D.: 1998-07-15,Local: 10:21UTC: 04:36,29.37,81.34,4.8,Bajura,1998-07-15,2055-03-31,10:21,04:36,1998-07-15 10:21:00,1998-07-15 04:36:00,1998-07-15 10:21:00,UTC
B.S.: 2055-05-04A.D.: 1998-08-20,Local: 20:16UTC: 14:31,27.77,87.85,4.5,Taplejung,1998-08-20,2055-05-04,20:16,14:31,1998-08-20 20:16:00,1998-08-20 14:31:00,1998-08-20 20:16:00,UTC
B.S.: 2055-05-18A.D.: 1998-09-03,Local: 00:00UTC: 18:15,27.87,86.96,5.6,Solukhumbu,1998-09-03,2055-05-18,00:00,18:15,1998-09-03 00:00:00,1998-09-03 18:15:00,1998-09-04 00:00:00,UTC
B.S.: 2055-05-19A.D.: 1998-09-04,Local: 03:01UTC: 21:16,27.78,86.96,4,Solukhumbu,1998-09-04,2055-05-19,03:01,21:16,1998-09-04 03:01:00,1998-09-04 21:16:00,1998-09-05 03:01:00,UTC
B.S.: 2055-05-21A.D.: 1998-09-06,Local: 03:20UTC: 21:35,27.84,87,4.6,Sankhuwasabha,1998-09-06,2055-05-21,03:20,21:35,1998-09-06 03:20:00,1998-09-06 21:35:00,1998-09-07 03:20:00,UTC
B.S.: 2055-05-25A.D.: 1998-09-10,Local: 04:42UTC: 22:57,27.35,88.36,5,Taplejung/Sikkim,1998-09-10,2055-05-25,04:42,22:57,1998-09-10 04:42:00,1998-09-10 22:57:00,1998-09-11 04:42:00,UTC
B.S.: 2055-10-18A.D.: 1999-02-01,Local: 07:10UTC: 01:25,28.61,83.35,4.7,Myagdi,1999-02-01,2055-10-18,07:10,01:25,1999-02-01 07:10:00,1999-02-01 01:25:00,1999-02-01 07:10:00,UTC
B.S.: 2055-11-07A.D.: 1999-02-19,Local: 05:25UTC: 23:40,29.87,80.62,4.6,Darchula,1999-02-19,2055-11-07,05:25,23:40,1999-02-19 05:25:00,1999-02-19 23:40:00,1999-02-20 05:25:00,UTC
B.S.: 2055-12-05A.D.: 1999-03-19,Local: 11:38UTC: 05:53,27.93,85.83,4.8,Sindhupalchok,1999-03-19,2055-12-05,11:38,05:53,1999-03-19 11:38:00,1999-03-19 05:53:00,1999-03-19 11:38:00,UTC
B.S.: 2055-12-14A.D.: 1999-03-28,Local: 00:50UTC: 19:05,30.5,79.26,6.5,"Chamauli,India",1999-03-28,2055-12-14,00:50,19:05,1999-03-28 00:50:00,1999-03-28 19:05:00,1999-03-29 00:50:00,UTC
B.S.: 2055-12-24A.D.: 1999-04-07,Local: 12:42UTC: 06:57,29.6,81.23,4.4,Bajhang,1999-04-07,2055-12-24,12:42,06:57,1999-04-07 12:42:00,1999-04-07 06:57:00,1999-04-07 12:42:00,UTC
B.S.: 2056-04-16A.D.: 1999-08-01,Local: 14:09UTC: 08:24,28.09,86.52,5.7,Dolakha/Tibet,1999-08-01,2056-04-16,14:09,08:24,1999-08-01 14:09:00,1999-08-01 08:24:00,1999-08-01 14:09:00,UTC
B.S.: 2056-05-10A.D.: 1999-08-26,Local: 01:36UTC: 19:51,27.46,86.44,4.2,Okhaldhunga,1999-08-26,2056-05-10,01:36,19:51,1999-08-26 01:36:00,1999-08-26 19:51:00,1999-08-27 01:36:00,UTC
B.S.: 2056-06-03A.D.: 1999-09-20,Local: 13:13UTC: 07:28,27.44,87.85,4.9,Taplejung*,1999-09-20,2056-06-03,13:13,07:28,1999-09-20 13:13:00,1999-09-20 07:28:00,1999-09-20 13:13:00,UTC
B.S.: 2056-10-11A.D.: 2000-01-25,Local: 17:52UTC: 12:07,27.38,86.06,4.6,Panchthar/Sikkim,2000-01-25,2056-10-11,17:52,12:07,2000-01-25 17:52:00,2000-01-25 12:07:00,2000-01-25 17:52:00,UTC
B.S.: 2056-11-30A.D.: 2000-03-13,Local: 02:29UTC: 20:44,27.73,87.71,5.1,Taplejung,2000-03-13,2056-11-30,02:29,20:44,2000-03-13 02:29:00,2000-03-13 20:44:00,2000-03-14 02:29:00,UTC
B.S.: 2056-11-30A.D.: 2000-03-13,Local: 04:54UTC: 23:09,29.77,81.41,4.2,Bajhang,2000-03-13,2056-11-30,04:54,23:09,2000-03-13 04:54:00,2000-03-13 23:09:00,2000-03-14 04:54:00,UTC
B.S.: 2056-12-04A.D.: 2000-03-17,Local: 10:43UTC: 04:58,27.76,87.55,4.2,Sankhuwasabha,2000-03-17,2056-12-04,10:43,04:58,2000-03-17 10:43:00,2000-03-17 04:58:00,2000-03-17 10:43:00,UTC
B.S.: 2057-01-18A.D.: 2000-04-30,Local: 01:16UTC: 19:31,27.68,86.93,4,Solukhumbu,2000-04-30,2057-01-18,01:16,19:31,2000-04-30 01:16:00,2000-04-30 19:31:00,2000-05-01 01:16:00,UTC
B.S.: 2057-02-20A.D.: 2000-06-02,Local: 23:54UTC: 18:09,28.07,83.29,4.2,Gulmi,2000-06-02,2057-02-20,23:54,18:09,2000-06-02 23:54:00,2000-06-02 18:09:00,2000-06-02 23:54:00,UTC
B.S.: 2057-05-17A.D.: 2000-09-02,Local: 10:06UTC: 04:21,28.07,85.33,4.5,Rasuwa,2000-09-02,2057-05-17,10:06,04:21,2000-09-02 10:06:00,2000-09-02 04:21:00,2000-09-02 10:06:00,UTC
B.S.: 2057-09-16A.D.: 2000-12-31,Local: 04:36UTC: 22:51,27.84,87.71,4.1,Taplejung/Tibet,2000-12-31,2057-09-16,04:36,22:51,2000-12-31 04:36:00,2000-12-31 22:51:00,2001-01-01 04:36:00,UTC
B.S.: 2057-10-13A.D.: 2001-01-26,Local: 09:01UTC: 03:16,24.17,69.85,7,"Bhuj,India",2001-01-26,2057-10-13,09:01,03:16,2001-01-26 09:01:00,2001-01-26 03:16:00,2001-01-26 09:01:00,UTC
B.S.: 2057-12-21A.D.: 2001-04-03,Local: 04:53UTC: 23:08,27.88,86.21,5.1,Dolakha,2001-04-03,2057-12-21,04:53,23:08,2001-04-03 04:53:00,2001-04-03 23:08:00,2001-04-04 04:53:00,UTC
B.S.: 2058-01-02A.D.: 2001-04-15,Local: 14:21UTC: 08:36,29.41,81.58,4.5,Bajura,2001-04-15,2058-01-02,14:21,08:36,2001-04-15 14:21:00,2001-04-15 08:36:00,2001-04-15 14:21:00,UTC
B.S.: 2058-03-27A.D.: 2001-07-11,Local: 01:29UTC: 19:44,29.51,81.39,4.3,Bajura,2001-07-11,2058-03-27,01:29,19:44,2001-07-11 01:29:00,2001-07-11 19:44:00,2001-07-12 01:29:00,UTC
B.S.: 2058-04-01A.D.: 2001-07-16,Local: 21:57UTC: 16:12,27.97,84.68,5.9,Gorkha,2001-07-16,2058-04-01,21:57,16:12,2001-07-16 21:57:00,2001-07-16 16:12:00,2001-07-16 21:57:00,UTC
B.S.: 2058-04-01A.D.: 2001-07-16,Local: 04:46UTC: 23:01,28.27,84.25,4.8,Lamjung,2001-07-16,2058-04-01,04:46,23:01,2001-07-16 04:46:00,2001-07-16 23:01:00,2001-07-17 04:46:00,UTC
B.S.: 2058-05-28A.D.: 2001-09-13,Local: 12:05UTC: 06:20,29.82,80.64,5,Darchula,2001-09-13,2058-05-28,12:05,06:20,2001-09-13 12:05:00,2001-09-13 06:20:00,2001-09-13 12:05:00,UTC
B.S.: 2058-06-11A.D.: 2001-09-27,Local: 03:49UTC: 22:04,26.98,87.78,4.8,Ilam,2001-09-27,2058-06-11,03:49,22:04,2001-09-27 03:49:00,2001-09-27 22:04:00,2001-09-28 03:49:00,UTC
B.S.: 2058-07-11A.D.: 2001-10-27,Local: 16:52UTC: 11:07,29.56,81.46,4.7,Bajura,2001-10-27,2058-07-11,16:52,11:07,2001-10-27 16:52:00,2001-10-27 11:07:00,2001-10-27 16:52:00,UTC
B.S.: 2058-08-12A.D.: 2001-11-27,Local: 13:16UTC: 07:31,29.63,81.79,5.7,Humla,2001-11-27,2058-08-12,13:16,07:31,2001-11-27 13:16:00,2001-11-27 07:31:00,2001-11-27 13:16:00,UTC
B.S.: 2058-08-12A.D.: 2001-11-27,Local: 14:38UTC: 08:53,29.53,81.81,5.8,Mugu,2001-11-27,2058-08-12,14:38,08:53,2001-11-27 14:38:00,2001-11-27 08:53:00,2001-11-27 14:38:00,UTC
B.S.: 2058-08-12A.D.: 2001-11-27,Local: 23:41UTC: 17:56,29.52,81.99,5.2,Mugu*,2001-11-27,2058-08-12,23:41,17:56,2001-11-27 23:41:00,2001-11-27 17:56:00,2001-11-27 23:41:00,UTC
B.S.: 2058-08-13A.D.: 2001-11-28,Local: 15:50UTC: 10:05,29.59,81.77,4.5,Bajura,2001-11-28,2058-08-13,15:50,10:05,2001-11-28 15:50:00,2001-11-28 10:05:00,2001-11-28 15:50:00,UTC
B.S.: 2058-09-03A.D.: 2001-12-18,Local: 08:06UTC: 02:21,29.58,81.77,4.7,Bajura,2001-12-18,2058-09-03,08:06,02:21,2001-12-18 08:06:00,2001-12-18 02:21:00,2001-12-18 08:06:00,UTC
B.S.: 2058-09-04A.D.: 2001-12-19,Local: 13:39UTC: 07:54,23.83,89.88,4.8,Bangladesh,2001-12-19,2058-09-04,13:39,07:54,2001-12-19 13:39:00,2001-12-19 07:54:00,2001-12-19 13:39:00,UTC
B.S.: 2058-10-21A.D.: 2002-02-03,Local: 13:26UTC: 07:41,27.72,86.37,4.1,Dolakha,2002-02-03,2058-10-21,13:26,07:41,2002-02-03 13:26:00,2002-02-03 07:41:00,2002-02-03 13:26:00,UTC
B.S.: 2058-12-27A.D.: 2002-04-09,Local: 13:08UTC: 07:23,27.46,86.14,4,Ramechhap,2002-04-09,2058-12-27,13:08,07:23,2002-04-09 13:08:00,2002-04-09 07:23:00,2002-04-09 13:08:00,UTC
B.S.: 2059-01-02A.D.: 2002-04-15,Local: 15:41UTC: 09:56,26.87,86.31,4,Siraha,2002-04-15,2059-01-02,15:41,09:56,2002-04-15 15:41:00,2002-04-15 09:56:00,2002-04-15 15:41:00,UTC
B.S.: 2059-01-19A.D.: 2002-05-02,Local: 23:20UTC: 17:35,27.67,86.67,5.2,Solukhumbu,2002-05-02,2059-01-19,23:20,17:35,2002-05-02 23:20:00,2002-05-02 17:35:00,2002-05-02 23:20:00,UTC
B.S.: 2059-02-21A.D.: 2002-06-04,Local: 20:41UTC: 14:56,28.79,80.53,4,Kanchanpur,2002-06-04,2059-02-21,20:41,14:56,2002-06-04 20:41:00,2002-06-04 14:56:00,2002-06-04 20:41:00,UTC
B.S.: 2059-02-22A.D.: 2002-06-05,Local: 18:23UTC: 12:38,28.86,80.75,4,Kailali,2002-06-05,2059-02-22,18:23,12:38,2002-06-05 18:23:00,2002-06-05 12:38:00,2002-06-05 18:23:00,UTC
B.S.: 2059-02-24A.D.: 2002-06-07,Local: 20:31UTC: 14:46,28.77,81.12,4,Kailali,2002-06-07,2059-02-24,20:31,14:46,2002-06-07 20:31:00,2002-06-07 14:46:00,2002-06-07 20:31:00,UTC
B.S.: 2059-02-30A.D.: 2002-06-13,Local: 23:58UTC: 18:13,28.23,84.86,4,Gorkha,2002-06-13,2059-02-30,23:58,18:13,2002-06-13 23:58:00,2002-06-13 18:13:00,2002-06-13 23:58:00,UTC
B.S.: 2059-03-06A.D.: 2002-06-20,Local: 11:25UTC: 05:40,25.63,88.38,5.5,Bangladesh,2002-06-20,2059-03-06,11:25,05:40,2002-06-20 11:25:00,2002-06-20 05:40:00,2002-06-20 11:25:00,UTC
B.S.: 2059-03-18A.D.: 2002-07-02,Local: 22:55UTC: 17:10,27.17,84.82,4.1,Parsa,2002-07-02,2059-03-18,22:55,17:10,2002-07-02 22:55:00,2002-07-02 17:10:00,2002-07-02 22:55:00,UTC
B.S.: 2059-03-32A.D.: 2002-07-16,Local: 00:24UTC: 18:39,27.75,87.36,4.3,Sankhuwasabha,2002-07-16,2059-03-32,00:24,18:39,2002-07-16 00:24:00,2002-07-16 18:39:00,2002-07-17 00:24:00,UTC
B.S.: 2059-04-26A.D.: 2002-08-11,Local: 13:54UTC: 08:09,26.97,86.4,4.1,Udayapur,2002-08-11,2059-04-26,13:54,08:09,2002-08-11 13:54:00,2002-08-11 08:09:00,2002-08-11 13:54:00,UTC
B.S.: 2059-05-24A.D.: 2002-09-09,Local: 20:22UTC: 14:37,28.98,80.74,4.1,Kailali,2002-09-09,2059-05-24,20:22,14:37,2002-09-09 20:22:00,2002-09-09 14:37:00,2002-09-09 20:22:00,UTC
B.S.: 2059-06-23A.D.: 2002-10-09,Local: 19:33UTC: 13:48,28.18,83.9,4.1,Syangja,2002-10-09,2059-06-23,19:33,13:48,2002-10-09 19:33:00,2002-10-09 13:48:00,2002-10-09 19:33:00,UTC
B.S.: 2059-06-25A.D.: 2002-10-11,Local: 00:44UTC: 18:59,28.28,83.94,4,Kaski,2002-10-11,2059-06-25,00:44,18:59,2002-10-11 00:44:00,2002-10-11 18:59:00,2002-10-12 00:44:00,UTC
B.S.: 2059-08-04A.D.: 2002-11-20,Local: 05:12UTC: 23:27,29.64,81.52,4.7,Bajura,2002-11-20,2059-08-04,05:12,23:27,2002-11-20 05:12:00,2002-11-20 23:27:00,2002-11-21 05:12:00,UTC
B.S.: 2059-11-14A.D.: 2003-02-26,Local: 01:43UTC: 19:58,28.32,86.54,4.6,Tibet*,2003-02-26,2059-11-14,01:43,19:58,2003-02-26 01:43:00,2003-02-26 19:58:00,2003-02-27 01:43:00,UTC
B.S.: 2059-12-21A.D.: 2003-04-04,Local: 12:47UTC: 07:02,30.1,80.39,5,"Pithoragarh, India",2003-04-04,2059-12-21,12:47,07:02,2003-04-04 12:47:00,2003-04-04 07:02:00,2003-04-04 12:47:00,UTC
B.S.: 2060-03-09A.D.: 2003-06-23,Local: 18:15UTC: 12:30,27.79,87.97,4.8,Taplejung,2003-06-23,2060-03-09,18:15,12:30,2003-06-23 18:15:00,2003-06-23 12:30:00,2003-06-23 18:15:00,UTC
B.S.: 2060-04-12A.D.: 2003-07-28,Local: 08:30UTC: 02:45,28.75,82.52,4.5,Rukum West,2003-07-28,2060-04-12,08:30,02:45,2003-07-28 08:30:00,2003-07-28 02:45:00,2003-07-28 08:30:00,UTC
B.S.: 2060-04-17A.D.: 2003-08-02,Local: 06:58UTC: 01:13,29.51,82.1,4.4,Mugu,2003-08-02,2060-04-17,06:58,01:13,2003-08-02 06:58:00,2003-08-02 01:13:00,2003-08-02 06:58:00,UTC
B.S.: 2060-04-20A.D.: 2003-08-05,Local: 10:12UTC: 04:27,27.99,86.03,4.2,Sindhupalchok/ Tibet,2003-08-05,2060-04-20,10:12,04:27,2003-08-05 10:12:00,2003-08-05 04:27:00,2003-08-05 10:12:00,UTC
B.S.: 2060-06-07A.D.: 2003-09-24,Local: 06:30UTC: 00:45,29,81.95,4.3,Kalikot,2003-09-24,2060-06-07,06:30,00:45,2003-09-24 06:30:00,2003-09-24 00:45:00,2003-09-24 06:30:00,UTC
B.S.: 2060-06-12A.D.: 2003-09-29,Local: 09:25UTC: 03:40,27.52,87.85,4.6,Taplejung,2003-09-29,2060-06-12,09:25,03:40,2003-09-29 09:25:00,2003-09-29 03:40:00,2003-09-29 09:25:00,UTC
B.S.: 2060-07-12A.D.: 2003-10-29,Local: 13:44UTC: 07:59,27.26,86.69,4,Khotang,2003-10-29,2060-07-12,13:44,07:59,2003-10-29 13:44:00,2003-10-29 07:59:00,2003-10-29 13:44:00,UTC
B.S.: 2060-07-19A.D.: 2003-11-05,Local: 18:04UTC: 12:19,27.78,86.16,4.1,Dolakha,2003-11-05,2060-07-19,18:04,12:19,2003-11-05 18:04:00,2003-11-05 12:19:00,2003-11-05 18:04:00,UTC
B.S.: 2060-08-06A.D.: 2003-11-22,Local: 10:52UTC: 05:07,28.44,83.9,5,Kaski,2003-11-22,2060-08-06,10:52,05:07,2003-11-22 10:52:00,2003-11-22 05:07:00,2003-11-22 10:52:00,UTC
B.S.: 2060-08-07A.D.: 2003-11-23,Local: 01:00UTC: 19:15,28.45,83.94,4.5,Kaski,2003-11-23,2060-08-07,01:00,19:15,2003-11-23 01:00:00,2003-11-23 19:15:00,2003-11-24 01:00:00,UTC
B.S.: 2060-08-19A.D.: 2003-12-05,Local: 23:38UTC: 17:53,28.4,83.93,4,Kaski,2003-12-05,2060-08-19,23:38,17:53,2003-12-05 23:38:00,2003-12-05 17:53:00,2003-12-05 23:38:00,UTC
B.S.: 2060-08-25A.D.: 2003-12-11,Local: 20:29UTC: 14:44,29.85,80.54,4.1,Darchula/India,2003-12-11,2060-08-25,20:29,14:44,2003-12-11 20:29:00,2003-12-11 14:44:00,2003-12-11 20:29:00,UTC
B.S.: 2060-09-04A.D.: 2003-12-19,Local: 09:05UTC: 03:20,27.6,87.67,4.2,Taplejung,2003-12-19,2060-09-04,09:05,03:20,2003-12-19 09:05:00,2003-12-19 03:20:00,2003-12-19 09:05:00,UTC
B.S.: 2060-09-19A.D.: 2004-01-03,Local: 18:59UTC: 13:14,27.76,86.07,5.5,Dolakha,2004-01-03,2060-09-19,18:59,13:14,2004-01-03 18:59:00,2004-01-03 13:14:00,2004-01-03 18:59:00,UTC
B.S.: 2060-09-19A.D.: 2004-01-03,Local: 19:25UTC: 13:40,27.77,86.05,4.1,Dolakha,2004-01-03,2060-09-19,19:25,13:40,2004-01-03 19:25:00,2004-01-03 13:40:00,2004-01-03 19:25:00,UTC
B.S.: 2060-09-23A.D.: 2004-01-07,Local: 05:06UTC: 23:21,28.07,85,4,Dhading,2004-01-07,2060-09-23,05:06,23:21,2004-01-07 05:06:00,2004-01-07 23:21:00,2004-01-08 05:06:00,UTC
B.S.: 2060-10-19A.D.: 2004-02-02,Local: 09:06UTC: 03:21,29.32,81.53,4.1,Kalikot,2004-02-02,2060-10-19,09:06,03:21,2004-02-02 09:06:00,2004-02-02 03:21:00,2004-02-02 09:06:00,UTC
B.S.: 2060-11-02A.D.: 2004-02-14,Local: 13:15UTC: 07:30,29.67,80.88,4.3,Bhajhang,2004-02-14,2060-11-02,13:15,07:30,2004-02-14 13:15:00,2004-02-14 07:30:00,2004-02-14 13:15:00,UTC
B.S.: 2060-11-06A.D.: 2004-02-18,Local: 07:08UTC: 01:23,27.61,87.8,4.7,Taplejung*,2004-02-18,2060-11-06,07:08,01:23,2004-02-18 07:08:00,2004-02-18 01:23:00,2004-02-18 07:08:00,UTC
B.S.: 2060-12-04A.D.: 2004-03-17,Local: 10:29UTC: 04:44,27.67,87.82,4.1,Taplejung,2004-03-17,2060-12-04,10:29,04:44,2004-03-17 10:29:00,2004-03-17 04:44:00,2004-03-17 10:29:00,UTC
B.S.: 2060-12-18A.D.: 2004-03-31,Local: 04:17UTC: 22:32,27.18,87.63,4.6,Tehrathum,2004-03-31,2060-12-18,04:17,22:32,2004-03-31 04:17:00,2004-03-31 22:32:00,2004-04-01 04:17:00,UTC
B.S.: 2061-02-16A.D.: 2004-05-29,Local: 18:07UTC: 12:22,28.55,82.96,4.9,Baglung,2004-05-29,2061-02-16,18:07,12:22,2004-05-29 18:07:00,2004-05-29 12:22:00,2004-05-29 18:07:00,UTC
B.S.: 2061-02-16A.D.: 2004-05-29,Local: 21:51UTC: 16:06,28.59,82.98,4.3,Baglung,2004-05-29,2061-02-16,21:51,16:06,2004-05-29 21:51:00,2004-05-29 16:06:00,2004-05-29 21:51:00,UTC
B.S.: 2061-04-01A.D.: 2004-07-16,Local: 02:18UTC: 20:33,28.32,84.06,4.6,Kaski,2004-07-16,2061-04-01,02:18,20:33,2004-07-16 02:18:00,2004-07-16 20:33:00,2004-07-17 02:18:00,UTC
B.S.: 2061-04-05A.D.: 2004-07-20,Local: 09:20UTC: 03:35,27.96,85.88,4.5,Sindhupalchok,2004-07-20,2061-04-05,09:20,03:35,2004-07-20 09:20:00,2004-07-20 03:35:00,2004-07-20 09:20:00,UTC
B.S.: 2061-05-06A.D.: 2004-08-22,Local: 23:04UTC: 17:19,28.03,85.24,4.1,Rasuwa,2004-08-22,2061-05-06,23:04,17:19,2004-08-22 23:04:00,2004-08-22 17:19:00,2004-08-22 23:04:00,UTC
B.S.: 2061-05-17A.D.: 2004-09-02,Local: 04:24UTC: 22:39,27.87,85.93,4.1,Sindhupalchok,2004-09-02,2061-05-17,04:24,22:39,2004-09-02 04:24:00,2004-09-02 22:39:00,2004-09-03 04:24:00,UTC
B.S.: 2061-05-27A.D.: 2004-09-12,Local: 14:33UTC: 08:48,29.5,81.84,4.3,Mugu,2004-09-12,2061-05-27,14:33,08:48,2004-09-12 14:33:00,2004-09-12 08:48:00,2004-09-12 14:33:00,UTC
B.S.: 2061-06-19A.D.: 2004-10-05,Local: 16:10UTC: 10:25,26.82,86.55,4.1,Siraha,2004-10-05,2061-06-19,16:10,10:25,2004-10-05 16:10:00,2004-10-05 10:25:00,2004-10-05 16:10:00,UTC
B.S.: 2061-07-24A.D.: 2004-11-09,Local: 16:35UTC: 10:50,28.76,82.93,4.4,Rukum East,2004-11-09,2061-07-24,16:35,10:50,2004-11-09 16:35:00,2004-11-09 10:50:00,2004-11-09 16:35:00,UTC
B.S.: 2061-08-02A.D.: 2004-11-17,Local: 16:24UTC: 10:39,28.26,84.67,4.1,Gorkha,2004-11-17,2061-08-02,16:24,10:39,2004-11-17 16:24:00,2004-11-17 10:39:00,2004-11-17 16:24:00,UTC
B.S.: 2061-09-11A.D.: 2004-12-26,Local: 19:31UTC: 13:46,29.9,81.63,4.3,Bajura,2004-12-26,2061-09-11,19:31,13:46,2004-12-26 19:31:00,2004-12-26 13:46:00,2004-12-26 19:31:00,UTC
B.S.: 2061-09-12A.D.: 2004-12-27,Local: 03:06UTC: 21:21,27.76,86.2,4.2,Dolakha,2004-12-27,2061-09-12,03:06,21:21,2004-12-27 03:06:00,2004-12-27 21:21:00,2004-12-28 03:06:00,UTC
B.S.: 2061-10-03A.D.: 2005-01-16,Local: 14:28UTC: 08:43,29.68,81.14,5,Bajhang,2005-01-16,2061-10-03,14:28,08:43,2005-01-16 14:28:00,2005-01-16 08:43:00,2005-01-16 14:28:00,UTC
B.S.: 2061-10-26A.D.: 2005-02-08,Local: 07:36UTC: 01:51,27.76,86.07,5.1,Dolakha,2005-02-08,2061-10-26,07:36,01:51,2005-02-08 07:36:00,2005-02-08 01:51:00,2005-02-08 07:36:00,UTC
B.S.: 2061-11-22A.D.: 2005-03-05,Local: 18:04UTC: 12:19,28.27,84.39,5,Lamjung,2005-03-05,2061-11-22,18:04,12:19,2005-03-05 18:04:00,2005-03-05 12:19:00,2005-03-05 18:04:00,UTC
B.S.: 2061-12-06A.D.: 2005-03-19,Local: 16:39UTC: 10:54,28.25,84.39,5.4,Lamjung,2005-03-19,2061-12-06,16:39,10:54,2005-03-19 16:39:00,2005-03-19 10:54:00,2005-03-19 16:39:00,UTC
B.S.: 2061-12-16A.D.: 2005-03-29,Local: 07:06UTC: 01:21,28.15,84.37,4,Lamjung,2005-03-29,2061-12-16,07:06,01:21,2005-03-29 07:06:00,2005-03-29 01:21:00,2005-03-29 07:06:00,UTC
B.S.: 2061-12-16A.D.: 2005-03-29,Local: 15:09UTC: 09:24,28.04,84.74,4,Gorkha,2005-03-29,2061-12-16,15:09,09:24,2005-03-29 15:09:00,2005-03-29 09:24:00,2005-03-29 15:09:00,UTC
B.S.: 2061-12-16A.D.: 2005-03-29,Local: 18:39UTC: 12:54,28.14,84.8,4.1,Gorkha*,2005-03-29,2061-12-16,18:39,12:54,2005-03-29 18:39:00,2005-03-29 12:54:00,2005-03-29 18:39:00,UTC
B.S.: 2061-12-16A.D.: 2005-03-29,Local: 21:36UTC: 15:51,28.11,84.77,4.4,Gorkha,2005-03-29,2061-12-16,21:36,15:51,2005-03-29 21:36:00,2005-03-29 15:51:00,2005-03-29 21:36:00,UTC
B.S.: 2061-12-22A.D.: 2005-04-04,Local: 10:13UTC: 04:28,28.56,83.18,4.1,Myagdi,2005-04-04,2061-12-22,10:13,04:28,2005-04-04 10:13:00,2005-04-04 04:28:00,2005-04-04 10:13:00,UTC
B.S.: 2061-12-22A.D.: 2005-04-04,Local: 10:25UTC: 04:40,28.54,83.31,4.1,Myagdi,2005-04-04,2061-12-22,10:25,04:40,2005-04-04 10:25:00,2005-04-04 04:40:00,2005-04-04 10:25:00,UTC
B.S.: 2061-12-22A.D.: 2005-04-04,Local: 10:50UTC: 05:05,28.54,83.31,4.1,Myagdi,2005-04-04,2061-12-22,10:50,05:05,2005-04-04 10:50:00,2005-04-04 05:05:00,2005-04-04 10:50:00,UTC
B.S.: 2061-12-25A.D.: 2005-04-07,Local: 07:25UTC: 01:40,29.35,81.88,4.2,Kalikot,2005-04-07,2061-12-25,07:25,01:40,2005-04-07 07:25:00,2005-04-07 01:40:00,2005-04-07 07:25:00,UTC
B.S.: 2062-01-02A.D.: 2005-04-15,Local: 22:12UTC: 16:27,27.92,85.71,4.1,Sindhupalchok,2005-04-15,2062-01-02,22:12,16:27,2005-04-15 22:12:00,2005-04-15 16:27:00,2005-04-15 22:12:00,UTC
B.S.: 2062-01-22A.D.: 2005-05-05,Local: 11:30UTC: 05:45,27.69,87.7,4.1,Taplejung,2005-05-05,2062-01-22,11:30,05:45,2005-05-05 11:30:00,2005-05-05 05:45:00,2005-05-05 11:30:00,UTC
B.S.: 2062-02-32A.D.: 2005-06-14,Local: 20:08UTC: 14:23,27.28,87.89,4.6,Panchthar,2005-06-14,2062-02-32,20:08,14:23,2005-06-14 20:08:00,2005-06-14 14:23:00,2005-06-14 20:08:00,UTC
B.S.: 2062-04-12A.D.: 2005-07-27,Local: 07:51UTC: 02:06,27.42,86.83,4.3,Khotang,2005-07-27,2062-04-12,07:51,02:06,2005-07-27 07:51:00,2005-07-27 02:06:00,2005-07-27 07:51:00,UTC
B.S.: 2062-04-24A.D.: 2005-08-08,Local: 05:38UTC: 23:53,27.98,85.51,4.2,Sindhupalchok,2005-08-08,2062-04-24,05:38,23:53,2005-08-08 05:38:00,2005-08-08 23:53:00,2005-08-09 05:38:00,UTC
B.S.: 2062-05-12A.D.: 2005-08-28,Local: 18:59UTC: 13:14,27.31,87.22,5.5,Sankhuwasabha*,2005-08-28,2062-05-12,18:59,13:14,2005-08-28 18:59:00,2005-08-28 13:14:00,2005-08-28 18:59:00,UTC
B.S.: 2062-07-12A.D.: 2005-10-29,Local: 05:17UTC: 23:32,29.45,81.94,5.3,Mugu,2005-10-29,2062-07-12,05:17,23:32,2005-10-29 05:17:00,2005-10-29 23:32:00,2005-10-30 05:17:00,UTC
B.S.: 2062-07-14A.D.: 2005-10-31,Local: 11:36UTC: 05:51,29.59,82.2,5.4,Mugu,2005-10-31,2062-07-14,11:36,05:51,2005-10-31 11:36:00,2005-10-31 05:51:00,2005-10-31 11:36:00,UTC
B.S.: 2062-07-14A.D.: 2005-10-31,Local: 03:32UTC: 21:47,28.65,84.83,4.7,Gorkha/ Tibet,2005-10-31,2062-07-14,03:32,21:47,2005-10-31 03:32:00,2005-10-31 21:47:00,2005-11-01 03:32:00,UTC
B.S.: 2062-07-20A.D.: 2005-11-06,Local: 07:21UTC: 01:36,29.61,82.02,5.1,Mugu,2005-11-06,2062-07-20,07:21,01:36,2005-11-06 07:21:00,2005-11-06 01:36:00,2005-11-06 07:21:00,UTC
B.S.: 2062-10-21A.D.: 2006-02-03,Local: 07:42UTC: 01:57,27.18,86.8,5.4,Khotang,2006-02-03,2062-10-21,07:42,01:57,2006-02-03 07:42:00,2006-02-03 01:57:00,2006-02-03 07:42:00,UTC
B.S.: 2062-11-07A.D.: 2006-02-19,Local: 03:03UTC: 21:18,28.24,83.89,4.7,Kaski,2006-02-19,2062-11-07,03:03,21:18,2006-02-19 03:03:00,2006-02-19 21:18:00,2006-02-20 03:03:00,UTC
B.S.: 2062-12-22A.D.: 2006-04-04,Local: 14:08UTC: 08:23,27.91,85.83,4.6,Sindhupalchok,2006-04-04,2062-12-22,14:08,08:23,2006-04-04 14:08:00,2006-04-04 08:23:00,2006-04-04 14:08:00,UTC
B.S.: 2063-01-22A.D.: 2006-05-05,Local: 13:45UTC: 08:00,29.43,81.26,4.8,Bajura*,2006-05-05,2063-01-22,13:45,08:00,2006-05-05 13:45:00,2006-05-05 08:00:00,2006-05-05 13:45:00,UTC
B.S.: 2063-04-30A.D.: 2006-08-15,Local: 06:15UTC: 00:30,27.89,85.7,4.3,Sindhupalchok,2006-08-15,2063-04-30,06:15,00:30,2006-08-15 06:15:00,2006-08-15 00:30:00,2006-08-15 06:15:00,UTC
B.S.: 2063-05-14A.D.: 2006-08-30,Local: 00:10UTC: 18:25,29.05,83.6,4.3,Dolpa,2006-08-30,2063-05-14,00:10,18:25,2006-08-30 00:10:00,2006-08-30 18:25:00,2006-08-31 00:10:00,UTC
B.S.: 2063-06-01A.D.: 2006-09-17,Local: 02:57UTC: 21:12,26.98,87.8,4.2,Ilam,2006-09-17,2063-06-01,02:57,21:12,2006-09-17 02:57:00,2006-09-17 21:12:00,2006-09-18 02:57:00,UTC
B.S.: 2063-06-03A.D.: 2006-09-19,Local: 12:41UTC: 06:56,29.62,81.54,5,Bajura,2006-09-19,2063-06-03,12:41,06:56,2006-09-19 12:41:00,2006-09-19 06:56:00,2006-09-19 12:41:00,UTC
B.S.: 2063-06-10A.D.: 2006-09-26,Local: 09:49UTC: 04:04,30.1,80.83,4.5,Darchula,2006-09-26,2063-06-10,09:49,04:04,2006-09-26 09:49:00,2006-09-26 04:04:00,2006-09-26 09:49:00,UTC
B.S.: 2063-07-25A.D.: 2006-11-11,Local: 21:29UTC: 15:44,27.21,87.63,4.2,Tehrathum,2006-11-11,2063-07-25,21:29,15:44,2006-11-11 21:29:00,2006-11-11 15:44:00,2006-11-11 21:29:00,UTC
B.S.: 2063-10-22A.D.: 2007-02-05,Local: 13:42UTC: 07:57,29.99,81.05,4.1,Bajhang,2007-02-05,2063-10-22,13:42,07:57,2007-02-05 13:42:00,2007-02-05 07:57:00,2007-02-05 13:42:00,UTC
B.S.: 2063-10-23A.D.: 2007-02-06,Local: 01:53UTC: 20:08,28.35,83.42,4.1,Baglung,2007-02-06,2063-10-23,01:53,20:08,2007-02-06 01:53:00,2007-02-06 20:08:00,2007-02-07 01:53:00,UTC
B.S.: 2063-10-23A.D.: 2007-02-06,Local: 01:55UTC: 20:10,28.35,83.43,4.2,Myagdi,2007-02-06,2063-10-23,01:55,20:10,2007-02-06 01:55:00,2007-02-06 20:10:00,2007-02-07 01:55:00,UTC
B.S.: 2063-11-03A.D.: 2007-02-15,Local: 14:54UTC: 09:09,29.83,81.45,5.2,Bajhang,2007-02-15,2063-11-03,14:54,09:09,2007-02-15 14:54:00,2007-02-15 09:09:00,2007-02-15 14:54:00,UTC
B.S.: 2063-11-26A.D.: 2007-03-10,Local: 19:10UTC: 13:25,29.5,81.21,4.9,Bajhang,2007-03-10,2063-11-26,19:10,13:25,2007-03-10 19:10:00,2007-03-10 13:25:00,2007-03-10 19:10:00,UTC
B.S.: 2064-02-02A.D.: 2007-05-16,Local: 10:02UTC: 04:17,27.5,88.08,4.6,Taplejung/Sikkim,2007-05-16,2064-02-02,10:02,04:17,2007-05-16 10:02:00,2007-05-16 04:17:00,2007-05-16 10:02:00,UTC
B.S.: 2064-02-21A.D.: 2007-06-04,Local: 13:32UTC: 07:47,27.36,83.98,4.2,Chitwan/Bihar,2007-06-04,2064-02-21,13:32,07:47,2007-06-04 13:32:00,2007-06-04 07:47:00,2007-06-04 13:32:00,UTC
B.S.: 2064-03-03A.D.: 2007-06-17,Local: 08:15UTC: 02:30,27.83,84.91,4.2,Dhading,2007-06-17,2064-03-03,08:15,02:30,2007-06-17 08:15:00,2007-06-17 02:30:00,2007-06-17 08:15:00,UTC
B.S.: 2064-03-23A.D.: 2007-07-07,Local: 20:58UTC: 15:13,28.08,85.3,4,Rasuwa,2007-07-07,2064-03-23,20:58,15:13,2007-07-07 20:58:00,2007-07-07 15:13:00,2007-07-07 20:58:00,UTC
B.S.: 2064-04-14A.D.: 2007-07-30,Local: 00:58UTC: 19:13,27.24,87.02,4.1,Bhojpur,2007-07-30,2064-04-14,00:58,19:13,2007-07-30 00:58:00,2007-07-30 19:13:00,2007-07-31 00:58:00,UTC
B.S.: 2064-04-16A.D.: 2007-08-01,Local: 21:02UTC: 15:17,29.49,81.91,4.6,Mugu,2007-08-01,2064-04-16,21:02,15:17,2007-08-01 21:02:00,2007-08-01 15:17:00,2007-08-01 21:02:00,UTC
B.S.: 2064-04-18A.D.: 2007-08-03,Local: 09:35UTC: 03:50,27.24,87.03,4.5,Bhojpur*,2007-08-03,2064-04-18,09:35,03:50,2007-08-03 09:35:00,2007-08-03 03:50:00,2007-08-03 09:35:00,UTC
B.S.: 2064-04-18A.D.: 2007-08-03,Local: 12:31UTC: 06:46,27.2,87.04,4.5,Bhojpur,2007-08-03,2064-04-18,12:31,06:46,2007-08-03 12:31:00,2007-08-03 06:46:00,2007-08-03 12:31:00,UTC
B.S.: 2064-04-18A.D.: 2007-08-03,Local: 13:56UTC: 08:11,27.24,87.02,4,Bhojpur,2007-08-03,2064-04-18,13:56,08:11,2007-08-03 13:56:00,2007-08-03 08:11:00,2007-08-03 13:56:00,UTC
B.S.: 2064-04-18A.D.: 2007-08-03,Local: 02:29UTC: 20:44,27.21,87.97,4.4,Panchthar,2007-08-03,2064-04-18,02:29,20:44,2007-08-03 02:29:00,2007-08-03 20:44:00,2007-08-04 02:29:00,UTC
B.S.: 2064-04-21A.D.: 2007-08-06,Local: 06:38UTC: 00:53,27.84,85.69,4.1,Sindhupalchok,2007-08-06,2064-04-21,06:38,00:53,2007-08-06 06:38:00,2007-08-06 00:53:00,2007-08-06 06:38:00,UTC
B.S.: 2064-04-26A.D.: 2007-08-11,Local: 20:20UTC: 14:35,27.28,87.9,5.2,Panchthar,2007-08-11,2064-04-26,20:20,14:35,2007-08-11 20:20:00,2007-08-11 14:35:00,2007-08-11 20:20:00,UTC
B.S.: 2064-05-21A.D.: 2007-09-07,Local: 12:24UTC: 06:39,28.05,85.33,4.2,Rasuwa,2007-09-07,2064-05-21,12:24,06:39,2007-09-07 12:24:00,2007-09-07 06:39:00,2007-09-07 12:24:00,UTC
B.S.: 2064-05-21A.D.: 2007-09-07,Local: 14:27UTC: 08:42,27.72,86.26,4.1,Dolakha,2007-09-07,2064-05-21,14:27,08:42,2007-09-07 14:27:00,2007-09-07 08:42:00,2007-09-07 14:27:00,UTC
B.S.: 2064-06-25A.D.: 2007-10-12,Local: 15:48UTC: 10:03,27.75,86.12,4,Dolakha,2007-10-12,2064-06-25,15:48,10:03,2007-10-12 15:48:00,2007-10-12 10:03:00,2007-10-12 15:48:00,UTC
B.S.: 2064-07-12A.D.: 2007-10-29,Local: 15:34UTC: 09:49,27.9,85.45,5,Nuwakot,2007-10-29,2064-07-12,15:34,09:49,2007-10-29 15:34:00,2007-10-29 09:49:00,2007-10-29 15:34:00,UTC
B.S.: 2064-07-19A.D.: 2007-11-05,Local: 23:17UTC: 17:32,28.2,84.45,4.5,Lamjung,2007-11-05,2064-07-19,23:17,17:32,2007-11-05 23:17:00,2007-11-05 17:32:00,2007-11-05 23:17:00,UTC
B.S.: 2064-08-15A.D.: 2007-12-01,Local: 00:03UTC: 18:18,28.05,85.28,4.1,Rasuwa,2007-12-01,2064-08-15,00:03,18:18,2007-12-01 00:03:00,2007-12-01 18:18:00,2007-12-02 00:03:00,UTC
B.S.: 2064-10-01A.D.: 2008-01-15,Local: 19:22UTC: 13:37,27.37,86.53,4.1,Okhaldhunga,2008-01-15,2064-10-01,19:22,13:37,2008-01-15 19:22:00,2008-01-15 13:37:00,2008-01-15 19:22:00,UTC
B.S.: 2064-11-02A.D.: 2008-02-14,Local: 04:58UTC: 23:13,27.8,88.15,4.1,Taplejung,2008-02-14,2064-11-02,04:58,23:13,2008-02-14 04:58:00,2008-02-14 23:13:00,2008-02-15 04:58:00,UTC
B.S.: 2064-11-04A.D.: 2008-02-16,Local: 08:34UTC: 02:49,26.79,86.25,4.2,Siraha,2008-02-16,2064-11-04,08:34,02:49,2008-02-16 08:34:00,2008-02-16 02:49:00,2008-02-16 08:34:00,UTC
B.S.: 2064-11-19A.D.: 2008-03-02,Local: 19:59UTC: 14:14,29.69,81.76,4.4,Humla,2008-03-02,2064-11-19,19:59,14:14,2008-03-02 19:59:00,2008-03-02 14:14:00,2008-03-02 19:59:00,UTC
B.S.: 2064-12-04A.D.: 2008-03-17,Local: 00:40UTC: 18:55,29.76,81.53,4.6,Bajhang,2008-03-17,2064-12-04,00:40,18:55,2008-03-17 00:40:00,2008-03-17 18:55:00,2008-03-18 00:40:00,UTC
B.S.: 2065-01-26A.D.: 2008-05-08,Local: 21:20UTC: 15:35,27.5,87.52,4.2,Taplejung,2008-05-08,2065-01-26,21:20,15:35,2008-05-08 21:20:00,2008-05-08 15:35:00,2008-05-08 21:20:00,UTC
B.S.: 2065-02-07A.D.: 2008-05-20,Local: 00:55UTC: 19:10,28.33,83.33,4.3,Baglung,2008-05-20,2065-02-07,00:55,19:10,2008-05-20 00:55:00,2008-05-20 19:10:00,2008-05-21 00:55:00,UTC
B.S.: 2065-02-20A.D.: 2008-06-02,Local: 04:09UTC: 22:24,27.8,85.91,4.1,Sindhupalchok,2008-06-02,2065-02-20,04:09,22:24,2008-06-02 04:09:00,2008-06-02 22:24:00,2008-06-03 04:09:00,UTC
B.S.: 2065-03-01A.D.: 2008-06-15,Local: 09:12UTC: 03:27,29.73,80.96,5,Darchula,2008-06-15,2065-03-01,09:12,03:27,2008-06-15 09:12:00,2008-06-15 03:27:00,2008-06-15 09:12:00,UTC
B.S.: 2065-03-06A.D.: 2008-06-20,Local: 23:50UTC: 18:05,27.98,85.73,4.8,Sindhupalchok,2008-06-20,2065-03-06,23:50,18:05,2008-06-20 23:50:00,2008-06-20 18:05:00,2008-06-20 23:50:00,UTC
B.S.: 2065-04-18A.D.: 2008-08-02,Local: 03:49UTC: 22:04,28.18,85.29,4.4,Rasuwa*,2008-08-02,2065-04-18,03:49,22:04,2008-08-02 03:49:00,2008-08-02 22:04:00,2008-08-03 03:49:00,UTC
B.S.: 2065-05-25A.D.: 2008-09-10,Local: 01:10UTC: 19:25,28.4,83.03,4.1,Baglung,2008-09-10,2065-05-25,01:10,19:25,2008-09-10 01:10:00,2008-09-10 19:25:00,2008-09-11 01:10:00,UTC
B.S.: 2065-06-21A.D.: 2008-10-07,Local: 23:54UTC: 18:09,27.47,87.71,4.6,Taplejung,2008-10-07,2065-06-21,23:54,18:09,2008-10-07 23:54:00,2008-10-07 18:09:00,2008-10-07 23:54:00,UTC
B.S.: 2065-08-16A.D.: 2008-12-01,Local: 15:08UTC: 09:23,28.18,85.29,5,Rasuwa,2008-12-01,2065-08-16,15:08,09:23,2008-12-01 15:08:00,2008-12-01 09:23:00,2008-12-01 15:08:00,UTC
B.S.: 2065-08-17A.D.: 2008-12-02,Local: 10:56UTC: 05:11,27.32,87.99,5.6,Taplejung,2008-12-02,2065-08-17,10:56,05:11,2008-12-02 10:56:00,2008-12-02 05:11:00,2008-12-02 10:56:00,UTC
B.S.: 2065-08-17A.D.: 2008-12-02,Local: 10:56UTC: 05:11,27.3,88.03,4.1,Panchthar,2008-12-02,2065-08-17,10:56,05:11,2008-12-02 10:56:00,2008-12-02 05:11:00,2008-12-02 10:56:00,UTC
B.S.: 2065-08-17A.D.: 2008-12-02,Local: 11:55UTC: 06:10,27.3,87.99,4.1,Panchthar,2008-12-02,2065-08-17,11:55,06:10,2008-12-02 11:55:00,2008-12-02 06:10:00,2008-12-02 11:55:00,UTC
B.S.: 2065-08-17A.D.: 2008-12-02,Local: 13:23UTC: 07:38,27.29,87.92,4.3,Taplejung,2008-12-02,2065-08-17,13:23,07:38,2008-12-02 13:23:00,2008-12-02 07:38:00,2008-12-02 13:23:00,UTC
B.S.: 2065-08-17A.D.: 2008-12-02,Local: 15:00UTC: 09:15,27.33,87.92,4.1,Taplejung,2008-12-02,2065-08-17,15:00,09:15,2008-12-02 15:00:00,2008-12-02 09:15:00,2008-12-02 15:00:00,UTC
B.S.: 2065-08-23A.D.: 2008-12-08,Local: 14:44UTC: 08:59,30.15,81.86,6.3,Humla,2008-12-08,2065-08-23,14:44,08:59,2008-12-08 14:44:00,2008-12-08 08:59:00,2008-12-08 14:44:00,UTC
B.S.: 2065-09-04A.D.: 2008-12-19,Local: 12:18UTC: 06:33,30.1,81.91,4.4,Humla,2008-12-19,2065-09-04,12:18,06:33,2008-12-19 12:18:00,2008-12-19 06:33:00,2008-12-19 12:18:00,UTC
B.S.: 2065-09-08A.D.: 2008-12-23,Local: 03:04UTC: 21:19,28.18,84.38,4.4,Lamjung,2008-12-23,2065-09-08,03:04,21:19,2008-12-23 03:04:00,2008-12-23 21:19:00,2008-12-24 03:04:00,UTC
B.S.: 2065-09-11A.D.: 2008-12-26,Local: 17:28UTC: 11:43,30.09,81.9,4.5,Humla,2008-12-26,2065-09-11,17:28,11:43,2008-12-26 17:28:00,2008-12-26 11:43:00,2008-12-26 17:28:00,UTC
B.S.: 2065-09-14A.D.: 2008-12-29,Local: 08:08UTC: 02:23,30.13,82.03,4,Humla,2008-12-29,2065-09-14,08:08,02:23,2008-12-29 08:08:00,2008-12-29 02:23:00,2008-12-29 08:08:00,UTC
B.S.: 2065-09-26A.D.: 2009-01-10,Local: 06:13UTC: 00:28,27.9,88.04,4.2,Taplejung,2009-01-10,2065-09-26,06:13,00:28,2009-01-10 06:13:00,2009-01-10 00:28:00,2009-01-10 06:13:00,UTC
B.S.: 2065-10-10A.D.: 2009-01-23,Local: 18:12UTC: 12:27,29.05,81.4,4.2,Achham,2009-01-23,2065-10-10,18:12,12:27,2009-01-23 18:12:00,2009-01-23 12:27:00,2009-01-23 18:12:00,UTC
B.S.: 2065-11-25A.D.: 2009-03-08,Local: 20:23UTC: 14:38,27.41,87.8,4.6,Taplejung,2009-03-08,2065-11-25,20:23,14:38,2009-03-08 20:23:00,2009-03-08 14:38:00,2009-03-08 20:23:00,UTC
B.S.: 2065-11-29A.D.: 2009-03-12,Local: 15:57UTC: 10:12,28.43,84.42,4.2,Lamjung,2009-03-12,2065-11-29,15:57,10:12,2009-03-12 15:57:00,2009-03-12 10:12:00,2009-03-12 15:57:00,UTC
B.S.: 2065-12-31A.D.: 2009-04-13,Local: 20:34UTC: 14:49,28.25,84.54,4.3,Lamjung,2009-04-13,2065-12-31,20:34,14:49,2009-04-13 20:34:00,2009-04-13 14:49:00,2009-04-13 20:34:00,UTC
B.S.: 2066-01-31A.D.: 2009-05-14,Local: 01:03UTC: 19:18,27.48,87.36,4.6,Sankhuwasabha*,2009-05-14,2066-01-31,01:03,19:18,2009-05-14 01:03:00,2009-05-14 19:18:00,2009-05-15 01:03:00,UTC
B.S.: 2066-01-31A.D.: 2009-05-14,Local: 01:58UTC: 20:13,27.43,87.35,4.2,Sankhuwasabha**,2009-05-14,2066-01-31,01:58,20:13,2009-05-14 01:58:00,2009-05-14 20:13:00,2009-05-15 01:58:00,UTC
B.S.: 2066-03-28A.D.: 2009-07-12,Local: 19:20UTC: 13:35,27.71,86.36,4.5,Dolakha,2009-07-12,2066-03-28,19:20,13:35,2009-07-12 19:20:00,2009-07-12 13:35:00,2009-07-12 19:20:00,UTC
B.S.: 2066-04-18A.D.: 2009-08-02,Local: 15:49UTC: 10:04,28.12,85.18,4,Rasuwa,2009-08-02,2066-04-18,15:49,10:04,2009-08-02 15:49:00,2009-08-02 10:04:00,2009-08-02 15:49:00,UTC
B.S.: 2066-06-10A.D.: 2009-09-26,Local: 01:36UTC: 19:51,29.81,82.05,4.3,Humla,2009-09-26,2066-06-10,01:36,19:51,2009-09-26 01:36:00,2009-09-26 19:51:00,2009-09-27 01:36:00,UTC
B.S.: 2066-07-12A.D.: 2009-10-29,Local: 00:24UTC: 18:39,28.73,83.11,4.1,Rukum East,2009-10-29,2066-07-12,00:24,18:39,2009-10-29 00:24:00,2009-10-29 18:39:00,2009-10-30 00:24:00,UTC
B.S.: 2066-07-15A.D.: 2009-11-01,Local: 14:35UTC: 08:50,30.1,81.81,4.5,Humla,2009-11-01,2066-07-15,14:35,08:50,2009-11-01 14:35:00,2009-11-01 08:50:00,2009-11-01 14:35:00,UTC
B.S.: 2066-07-16A.D.: 2009-11-02,Local: 04:29UTC: 22:44,27.87,87.94,4,Taplejung,2009-11-02,2066-07-16,04:29,22:44,2009-11-02 04:29:00,2009-11-02 22:44:00,2009-11-03 04:29:00,UTC
B.S.: 2066-07-22A.D.: 2009-11-08,Local: 01:14UTC: 19:29,30.11,81.91,4.3,Humla,2009-11-08,2066-07-22,01:14,19:29,2009-11-08 01:14:00,2009-11-08 19:29:00,2009-11-09 01:14:00,UTC
B.S.: 2066-08-07A.D.: 2009-11-22,Local: 15:41UTC: 09:56,29.02,82.15,4.8,Jajarkot,2009-11-22,2066-08-07,15:41,09:56,2009-11-22 15:41:00,2009-11-22 09:56:00,2009-11-22 15:41:00,UTC
B.S.: 2066-08-30A.D.: 2009-12-15,Local: 22:01UTC: 16:16,28.28,84.4,4.1,Lamjung,2009-12-15,2066-08-30,22:01,16:16,2009-12-15 22:01:00,2009-12-15 16:16:00,2009-12-15 22:01:00,UTC
B.S.: 2066-09-01A.D.: 2009-12-16,Local: 11:58UTC: 06:13,29.6,81.51,4.8,Bajura,2009-12-16,2066-09-01,11:58,06:13,2009-12-16 11:58:00,2009-12-16 06:13:00,2009-12-16 11:58:00,UTC
B.S.: 2066-10-04A.D.: 2010-01-18,Local: 12:00UTC: 06:15,28.37,83.97,4,Kaski,2010-01-18,2066-10-04,12:00,06:15,2010-01-18 12:00:00,2010-01-18 06:15:00,2010-01-18 12:00:00,UTC
B.S.: 2066-11-05A.D.: 2010-02-17,Local: 14:52UTC: 09:07,26.79,86.08,4.2,Dhanusha,2010-02-17,2066-11-05,14:52,09:07,2010-02-17 14:52:00,2010-02-17 09:07:00,2010-02-17 14:52:00,UTC
B.S.: 2066-11-13A.D.: 2010-02-25,Local: 19:51UTC: 14:06,29.78,81.51,4.7,Bajhang,2010-02-25,2066-11-13,19:51,14:06,2010-02-25 19:51:00,2010-02-25 14:06:00,2010-02-25 19:51:00,UTC
B.S.: 2066-11-16A.D.: 2010-02-28,Local: 17:39UTC: 11:54,28.4,81.51,4.2,Bardiya,2010-02-28,2066-11-16,17:39,11:54,2010-02-28 17:39:00,2010-02-28 11:54:00,2010-02-28 17:39:00,UTC
B.S.: 2066-11-17A.D.: 2010-03-01,Local: 08:38UTC: 02:53,29.76,81.55,4.3,Bajhang,2010-03-01,2066-11-17,08:38,02:53,2010-03-01 08:38:00,2010-03-01 02:53:00,2010-03-01 08:38:00,UTC
B.S.: 2066-12-31A.D.: 2010-04-13,Local: 19:53UTC: 14:08,29.37,81.34,4.5,Bajura,2010-04-13,2066-12-31,19:53,14:08,2010-04-13 19:53:00,2010-04-13 14:08:00,2010-04-13 19:53:00,UTC
B.S.: 2067-01-01A.D.: 2010-04-14,Local: 12:04UTC: 06:19,28.31,83.09,4.2,Baglung,2010-04-14,2067-01-01,12:04,06:19,2010-04-14 12:04:00,2010-04-14 06:19:00,2010-04-14 12:04:00,UTC
B.S.: 2067-01-17A.D.: 2010-04-30,Local: 05:55UTC: 00:10,27.75,86.36,4,Dolakha,2010-04-30,2067-01-17,05:55,00:10,2010-04-30 05:55:00,2010-04-30 00:10:00,2010-04-30 05:55:00,UTC
B.S.: 2067-01-30A.D.: 2010-05-13,Local: 11:50UTC: 06:05,28.3,84.51,4.4,Lamjung,2010-05-13,2067-01-30,11:50,06:05,2010-05-13 11:50:00,2010-05-13 06:05:00,2010-05-13 11:50:00,UTC
B.S.: 2067-02-30A.D.: 2010-06-13,Local: 20:16UTC: 14:31,29.6,81.65,5.4,Bajura*,2010-06-13,2067-02-30,20:16,14:31,2010-06-13 20:16:00,2010-06-13 14:31:00,2010-06-13 20:16:00,UTC
B.S.: 2067-02-30A.D.: 2010-06-13,Local: 20:23UTC: 14:38,29.4,81.38,4.5,Bajura,2010-06-13,2067-02-30,20:23,14:38,2010-06-13 20:23:00,2010-06-13 14:38:00,2010-06-13 20:23:00,UTC
B.S.: 2067-05-16A.D.: 2010-09-01,Local: 03:57UTC: 22:12,28.23,84.37,4,Lamjung,2010-09-01,2067-05-16,03:57,22:12,2010-09-01 03:57:00,2010-09-01 22:12:00,2010-09-02 03:57:00,UTC
B.S.: 2067-06-31A.D.: 2010-10-17,Local: 02:56UTC: 21:11,28.64,85.71,5.7,Tibet,2010-10-17,2067-06-31,02:56,21:11,2010-10-17 02:56:00,2010-10-17 21:11:00,2010-10-18 02:56:00,UTC
B.S.: 2067-08-09A.D.: 2010-11-25,Local: 19:50UTC: 14:05,28.44,83.17,4.7,Baglung,2010-11-25,2067-08-09,19:50,14:05,2010-11-25 19:50:00,2010-11-25 14:05:00,2010-11-25 19:50:00,UTC
B.S.: 2067-08-14A.D.: 2010-11-30,Local: 22:05UTC: 16:20,26.93,85.79,4.4,Mahottari,2010-11-30,2067-08-14,22:05,16:20,2010-11-30 22:05:00,2010-11-30 16:20:00,2010-11-30 22:05:00,UTC
B.S.: 2067-08-19A.D.: 2010-12-05,Local: 12:22UTC: 06:37,29.57,81.7,4.2,Bajura,2010-12-05,2067-08-19,12:22,06:37,2010-12-05 12:22:00,2010-12-05 06:37:00,2010-12-05 12:22:00,UTC
B.S.: 2067-09-03A.D.: 2010-12-18,Local: 12:15UTC: 06:30,28.18,84.79,4.1,Gorkha,2010-12-18,2067-09-03,12:15,06:30,2010-12-18 12:15:00,2010-12-18 06:30:00,2010-12-18 12:15:00,UTC
B.S.: 2067-10-04A.D.: 2011-01-18,Local: 09:20UTC: 03:35,30.03,81.97,4.1,Humla,2011-01-18,2067-10-04,09:20,03:35,2011-01-18 09:20:00,2011-01-18 03:35:00,2011-01-18 09:20:00,UTC
B.S.: 2067-10-04A.D.: 2011-01-18,Local: 12:47UTC: 07:02,27.8,85.94,4.3,Sindhupalchok,2011-01-18,2067-10-04,12:47,07:02,2011-01-18 12:47:00,2011-01-18 07:02:00,2011-01-18 12:47:00,UTC
B.S.: 2067-11-01A.D.: 2011-02-13,Local: 23:36UTC: 17:51,27.47,87.01,4.7,Sankhuwasabha,2011-02-13,2067-11-01,23:36,17:51,2011-02-13 23:36:00,2011-02-13 17:51:00,2011-02-13 23:36:00,UTC
B.S.: 2067-11-10A.D.: 2011-02-22,Local: 01:29UTC: 19:44,27.57,87.01,4.2,Sankhuwasabha,2011-02-22,2067-11-10,01:29,19:44,2011-02-22 01:29:00,2011-02-22 19:44:00,2011-02-23 01:29:00,UTC
B.S.: 2067-11-26A.D.: 2011-03-10,Local: 22:34UTC: 16:49,28.02,85.24,4.3,Rasuwa,2011-03-10,2067-11-26,22:34,16:49,2011-03-10 22:34:00,2011-03-10 16:49:00,2011-03-10 22:34:00,UTC
B.S.: 2067-11-27A.D.: 2011-03-11,Local: 22:43UTC: 16:58,28.31,83.8,4.3,Kaski,2011-03-11,2067-11-27,22:43,16:58,2011-03-11 22:43:00,2011-03-11 16:58:00,2011-03-11 22:43:00,UTC
B.S.: 2067-11-28A.D.: 2011-03-12,Local: 05:51UTC: 00:06,28.31,83.78,4.4,Kaski,2011-03-12,2067-11-28,05:51,00:06,2011-03-12 05:51:00,2011-03-12 00:06:00,2011-03-12 05:51:00,UTC
B.S.: 2067-12-08A.D.: 2011-03-22,Local: 10:55UTC: 05:10,28.11,82.74,4.2,Pyuthan,2011-03-22,2067-12-08,10:55,05:10,2011-03-22 10:55:00,2011-03-22 05:10:00,2011-03-22 10:55:00,UTC
B.S.: 2067-12-21A.D.: 2011-04-04,Local: 17:16UTC: 11:31,29.92,80.54,5.7,Darchula,2011-04-04,2067-12-21,17:16,11:31,2011-04-04 17:16:00,2011-04-04 11:31:00,2011-04-04 17:16:00,UTC
B.S.: 2067-12-21A.D.: 2011-04-04,Local: 19:27UTC: 13:42,30,80.81,4.3,Darchula,2011-04-04,2067-12-21,19:27,13:42,2011-04-04 19:27:00,2011-04-04 13:42:00,2011-04-04 19:27:00,UTC
B.S.: 2067-12-22A.D.: 2011-04-05,Local: 06:45UTC: 01:00,29.74,80.37,4.1,Darchula,2011-04-05,2067-12-22,06:45,01:00,2011-04-05 06:45:00,2011-04-05 01:00:00,2011-04-05 06:45:00,UTC
B.S.: 2067-12-24A.D.: 2011-04-07,Local: 15:54UTC: 10:09,27.93,85.61,4.1,Sindhupalchok,2011-04-07,2067-12-24,15:54,10:09,2011-04-07 15:54:00,2011-04-07 10:09:00,2011-04-07 15:54:00,UTC
B.S.: 2068-02-20A.D.: 2011-06-03,Local: 06:38UTC: 00:53,27.6,88.03,5.2,Taplejung*,2011-06-03,2068-02-20,06:38,00:53,2011-06-03 06:38:00,2011-06-03 00:53:00,2011-06-03 06:38:00,UTC
B.S.: 2068-02-28A.D.: 2011-06-11,Local: 10:27UTC: 04:42,28.41,82.66,4.2,Rolpa,2011-06-11,2068-02-28,10:27,04:42,2011-06-11 10:27:00,2011-06-11 04:42:00,2011-06-11 10:27:00,UTC
B.S.: 2068-02-28A.D.: 2011-06-11,Local: 17:26UTC: 11:41,28.4,82.55,4.1,Rolpa,2011-06-11,2068-02-28,17:26,11:41,2011-06-11 17:26:00,2011-06-11 11:41:00,2011-06-11 17:26:00,UTC
B.S.: 2068-03-03A.D.: 2011-06-17,Local: 09:22UTC: 03:37,30.24,81.48,4.2,Humla,2011-06-17,2068-03-03,09:22,03:37,2011-06-17 09:22:00,2011-06-17 03:37:00,2011-06-17 09:22:00,UTC
B.S.: 2068-03-04A.D.: 2011-06-18,Local: 23:16UTC: 17:31,27.83,87.35,4.3,Sankhuwasabha,2011-06-18,2068-03-04,23:16,17:31,2011-06-18 23:16:00,2011-06-18 17:31:00,2011-06-18 23:16:00,UTC
B.S.: 2068-03-31A.D.: 2011-07-15,Local: 01:44UTC: 19:59,27.28,87.3,4.5,Sankhuwasabha,2011-07-15,2068-03-31,01:44,19:59,2011-07-15 01:44:00,2011-07-15 19:59:00,2011-07-16 01:44:00,UTC
B.S.: 2068-04-13A.D.: 2011-07-29,Local: 18:56UTC: 13:11,27.19,86.76,4.2,Khotang,2011-07-29,2068-04-13,18:56,13:11,2011-07-29 18:56:00,2011-07-29 13:11:00,2011-07-29 18:56:00,UTC
B.S.: 2068-04-17A.D.: 2011-08-02,Local: 07:32UTC: 01:47,27.35,86.35,4,Okhaldhunga,2011-08-02,2068-04-17,07:32,01:47,2011-08-02 07:32:00,2011-08-02 01:47:00,2011-08-02 07:32:00,UTC
B.S.: 2068-04-24A.D.: 2011-08-09,Local: 06:54UTC: 01:09,29.9,81.31,4.3,Bajhang,2011-08-09,2068-04-24,06:54,01:09,2011-08-09 06:54:00,2011-08-09 01:09:00,2011-08-09 06:54:00,UTC
B.S.: 2068-04-30A.D.: 2011-08-15,Local: 22:33UTC: 16:48,27.44,86.27,5,Okhaldhunga,2011-08-15,2068-04-30,22:33,16:48,2011-08-15 22:33:00,2011-08-15 16:48:00,2011-08-15 22:33:00,UTC
B.S.: 2068-05-01A.D.: 2011-08-18,Local: 14:20UTC: 08:35,28.21,84.31,4,Lamjung,2011-08-18,2068-05-01,14:20,08:35,2011-08-18 14:20:00,2011-08-18 08:35:00,2011-08-18 14:20:00,UTC
B.S.: 2068-05-02A.D.: 2011-08-19,Local: 07:37UTC: 01:52,29.7,81.34,4.9,Bajhang,2011-08-19,2068-05-02,07:37,01:52,2011-08-19 07:37:00,2011-08-19 01:52:00,2011-08-19 07:37:00,UTC
B.S.: 2068-05-05A.D.: 2011-08-22,Local: 20:36UTC: 14:51,28.29,83.96,4,Kaski,2011-08-22,2068-05-05,20:36,14:51,2011-08-22 20:36:00,2011-08-22 14:51:00,2011-08-22 20:36:00,UTC
B.S.: 2068-05-08A.D.: 2011-08-25,Local: 13:46UTC: 08:01,28.15,82.53,4.4,Rolpa,2011-08-25,2068-05-08,13:46,08:01,2011-08-25 13:46:00,2011-08-25 08:01:00,2011-08-25 13:46:00,UTC
B.S.: 2068-05-10A.D.: 2011-08-27,Local: 13:36UTC: 07:51,26.94,86.6,5,Udayapur,2011-08-27,2068-05-10,13:36,07:51,2011-08-27 13:36:00,2011-08-27 07:51:00,2011-08-27 13:36:00,UTC
B.S.: 2068-06-01A.D.: 2011-09-18,Local: 18:25UTC: 12:40,27.78,88.32,6.8,Sikkim,2011-09-18,2068-06-01,18:25,12:40,2011-09-18 18:25:00,2011-09-18 12:40:00,2011-09-18 18:25:00,UTC
B.S.: 2068-06-14A.D.: 2011-10-01,Local: 10:11UTC: 04:26,30.16,81.81,4.7,Humla,2011-10-01,2068-06-14,10:11,04:26,2011-10-01 10:11:00,2011-10-01 04:26:00,2011-10-01 10:11:00,UTC
B.S.: 2068-06-15A.D.: 2011-10-02,Local: 17:14UTC: 11:29,29.55,81.68,4.2,Bajura,2011-10-02,2068-06-15,17:14,11:29,2011-10-02 17:14:00,2011-10-02 11:29:00,2011-10-02 17:14:00,UTC
B.S.: 2068-07-18A.D.: 2011-11-04,Local: 22:34UTC: 16:49,28.34,83.66,4,Parbat,2011-11-04,2068-07-18,22:34,16:49,2011-11-04 22:34:00,2011-11-04 16:49:00,2011-11-04 22:34:00,UTC
B.S.: 2068-07-22A.D.: 2011-11-08,Local: 23:52UTC: 18:07,27.94,85.55,4.1,Sindhupalchok,2011-11-08,2068-07-22,23:52,18:07,2011-11-08 23:52:00,2011-11-08 18:07:00,2011-11-08 23:52:00,UTC
B.S.: 2068-07-27A.D.: 2011-11-13,Local: 05:31UTC: 23:46,28.2,84.93,5.2,Gorkha*,2011-11-13,2068-07-27,05:31,23:46,2011-11-13 05:31:00,2011-11-13 23:46:00,2011-11-14 05:31:00,UTC
B.S.: 2068-08-03A.D.: 2011-11-19,Local: 05:51UTC: 00:06,27.7,86.1,4,Dolakha,2011-11-19,2068-08-03,05:51,00:06,2011-11-19 05:51:00,2011-11-19 00:06:00,2011-11-19 05:51:00,UTC
B.S.: 2068-08-07A.D.: 2011-11-23,Local: 06:11UTC: 00:26,28.91,81.68,4.2,Dailekh,2011-11-23,2068-08-07,06:11,00:26,2011-11-23 06:11:00,2011-11-23 00:26:00,2011-11-23 06:11:00,UTC
B.S.: 2068-08-16A.D.: 2011-12-02,Local: 11:02UTC: 05:17,28.05,85.34,4.2,Rasuwa,2011-12-02,2068-08-16,11:02,05:17,2011-12-02 11:02:00,2011-12-02 05:17:00,2011-12-02 11:02:00,UTC
B.S.: 2068-08-22A.D.: 2011-12-08,Local: 23:25UTC: 17:40,27.97,82.86,4,Pyuthan,2011-12-08,2068-08-22,23:25,17:40,2011-12-08 23:25:00,2011-12-08 17:40:00,2011-12-08 23:25:00,UTC
B.S.: 2068-08-23A.D.: 2011-12-09,Local: 17:42UTC: 11:57,27.83,88.13,4.2,Taplejung,2011-12-09,2068-08-23,17:42,11:57,2011-12-09 17:42:00,2011-12-09 11:57:00,2011-12-09 17:42:00,UTC
B.S.: 2068-08-28A.D.: 2011-12-14,Local: 02:05UTC: 20:20,27.72,88.09,4.9,Taplejung,2011-12-14,2068-08-28,02:05,20:20,2011-12-14 02:05:00,2011-12-14 20:20:00,2011-12-15 02:05:00,UTC
B.S.: 2068-09-03A.D.: 2011-12-18,Local: 03:20UTC: 21:35,27.73,88.16,4.6,Taplejung,2011-12-18,2068-09-03,03:20,21:35,2011-12-18 03:20:00,2011-12-18 21:35:00,2011-12-19 03:20:00,UTC
B.S.: 2068-09-15A.D.: 2011-12-30,Local: 07:55UTC: 02:10,29.62,81.53,4,Bajura,2011-12-30,2068-09-15,07:55,02:10,2011-12-30 07:55:00,2011-12-30 02:10:00,2011-12-30 07:55:00,UTC
B.S.: 2068-09-27A.D.: 2012-01-11,Local: 14:44UTC: 08:59,28.89,81.89,4.2,Dailekh,2012-01-11,2068-09-27,14:44,08:59,2012-01-11 14:44:00,2012-01-11 08:59:00,2012-01-11 14:44:00,UTC
B.S.: 2068-10-04A.D.: 2012-01-18,Local: 17:01UTC: 11:16,26.63,86.4,4.5,Siraha,2012-01-18,2068-10-04,17:01,11:16,2012-01-18 17:01:00,2012-01-18 11:16:00,2012-01-18 17:01:00,UTC
B.S.: 2068-10-05A.D.: 2012-01-19,Local: 06:31UTC: 00:46,29.73,81.91,4.6,Humla,2012-01-19,2068-10-05,06:31,00:46,2012-01-19 06:31:00,2012-01-19 00:46:00,2012-01-19 06:31:00,UTC
B.S.: 2068-10-10A.D.: 2012-01-24,Local: 09:52UTC: 04:07,26.84,86.43,4,Siraha,2012-01-24,2068-10-10,09:52,04:07,2012-01-24 09:52:00,2012-01-24 04:07:00,2012-01-24 09:52:00,UTC
B.S.: 2068-10-22A.D.: 2012-02-05,Local: 01:51UTC: 20:06,27.25,88.07,4,Panchthar/Sikkim,2012-02-05,2068-10-22,01:51,20:06,2012-02-05 01:51:00,2012-02-05 20:06:00,2012-02-06 01:51:00,UTC
B.S.: 2068-11-02A.D.: 2012-02-14,Local: 19:26UTC: 13:41,27.38,88.11,4.5,Panchthar/Sikkim,2012-02-14,2068-11-02,19:26,13:41,2012-02-14 19:26:00,2012-02-14 13:41:00,2012-02-14 19:26:00,UTC
B.S.: 2068-11-02A.D.: 2012-02-14,Local: 19:33UTC: 13:48,27.33,88.03,4.4,Panchthar,2012-02-14,2068-11-02,19:33,13:48,2012-02-14 19:33:00,2012-02-14 13:48:00,2012-02-14 19:33:00,UTC
B.S.: 2068-11-14A.D.: 2012-02-26,Local: 04:41UTC: 22:56,29.71,81.02,4.4,Bajhang,2012-02-26,2068-11-14,04:41,22:56,2012-02-26 04:41:00,2012-02-26 22:56:00,2012-02-27 04:41:00,UTC
B.S.: 2068-11-14A.D.: 2012-02-26,Local: 04:53UTC: 23:08,29.86,81.05,4.9,Bajhang,2012-02-26,2068-11-14,04:53,23:08,2012-02-26 04:53:00,2012-02-26 23:08:00,2012-02-27 04:53:00,UTC
B.S.: 2068-12-06A.D.: 2012-03-19,Local: 04:21UTC: 22:36,28.7,82.02,4.7,Jajarkot,2012-03-19,2068-12-06,04:21,22:36,2012-03-19 04:21:00,2012-03-19 22:36:00,2012-03-20 04:21:00,UTC
B.S.: 2068-12-14A.D.: 2012-03-27,Local: 05:25UTC: 23:40,26.12,87.87,5.2,India,2012-03-27,2068-12-14,05:25,23:40,2012-03-27 05:25:00,2012-03-27 23:40:00,2012-03-28 05:25:00,UTC
B.S.: 2068-12-29A.D.: 2012-04-11,Local: 08:37UTC: 02:52,29.55,81.24,4.3,Bajhang*,2012-04-11,2068-12-29,08:37,02:52,2012-04-11 08:37:00,2012-04-11 02:52:00,2012-04-11 08:37:00,UTC
B.S.: 2069-01-05A.D.: 2012-04-17,Local: 04:58UTC: 23:13,28.5,82.06,4.2,Salyan,2012-04-17,2069-01-05,04:58,23:13,2012-04-17 04:58:00,2012-04-17 23:13:00,2012-04-18 04:58:00,UTC
B.S.: 2069-02-17A.D.: 2012-05-30,Local: 15:19UTC: 09:34,27.31,87.88,4.2,Taplejung,2012-05-30,2069-02-17,15:19,09:34,2012-05-30 15:19:00,2012-05-30 09:34:00,2012-05-30 15:19:00,UTC
B.S.: 2069-02-27A.D.: 2012-06-09,Local: 13:39UTC: 07:54,28.32,84.17,5.1,Kaski,2012-06-09,2069-02-27,13:39,07:54,2012-06-09 13:39:00,2012-06-09 07:54:00,2012-06-09 13:39:00,UTC
B.S.: 2069-02-29A.D.: 2012-06-11,Local: 10:20UTC: 04:35,27.25,88,4.5,Panchthar,2012-06-11,2069-02-29,10:20,04:35,2012-06-11 10:20:00,2012-06-11 04:35:00,2012-06-11 10:20:00,UTC
B.S.: 2069-03-01A.D.: 2012-06-15,Local: 22:00UTC: 16:15,28.99,81.58,4.2,Dailekh,2012-06-15,2069-03-01,22:00,16:15,2012-06-15 22:00:00,2012-06-15 16:15:00,2012-06-15 22:00:00,UTC
B.S.: 2069-03-17A.D.: 2012-07-01,Local: 13:39UTC: 07:54,27.27,88.05,4,Panchthar/Sikkim,2012-07-01,2069-03-17,13:39,07:54,2012-07-01 13:39:00,2012-07-01 07:54:00,2012-07-01 13:39:00,UTC
B.S.: 2069-03-27A.D.: 2012-07-11,Local: 23:08UTC: 17:23,29.43,81.03,4.9,Bajhang,2012-07-11,2069-03-27,23:08,17:23,2012-07-11 23:08:00,2012-07-11 17:23:00,2012-07-11 23:08:00,UTC
B.S.: 2069-04-13A.D.: 2012-07-28,Local: 11:33UTC: 05:48,30.12,80.54,5,India,2012-07-28,2069-04-13,11:33,05:48,2012-07-28 11:33:00,2012-07-28 05:48:00,2012-07-28 11:33:00,UTC
B.S.: 2069-04-16A.D.: 2012-07-31,Local: 17:35UTC: 11:50,28.58,82.48,5,Rukum West,2012-07-31,2069-04-16,17:35,11:50,2012-07-31 17:35:00,2012-07-31 11:50:00,2012-07-31 17:35:00,UTC
B.S.: 2069-04-16A.D.: 2012-07-31,Local: 17:43UTC: 11:58,28.53,82.42,4.8,Rukum West,2012-07-31,2069-04-16,17:43,11:58,2012-07-31 17:43:00,2012-07-31 11:58:00,2012-07-31 17:43:00,UTC
B.S.: 2069-04-16A.D.: 2012-07-31,Local: 17:50UTC: 12:05,28.55,82.37,4.2,Salyan,2012-07-31,2069-04-16,17:50,12:05,2012-07-31 17:50:00,2012-07-31 12:05:00,2012-07-31 17:50:00,UTC
B.S.: 2069-04-22A.D.: 2012-08-06,Local: 07:38UTC: 01:53,27.77,88.13,4.2,Taplejung,2012-08-06,2069-04-22,07:38,01:53,2012-08-06 07:38:00,2012-08-06 01:53:00,2012-08-06 07:38:00,UTC
B.S.: 2069-05-07A.D.: 2012-08-23,Local: 22:15UTC: 16:30,28.38,82.84,5.6,Rolpa,2012-08-23,2069-05-07,22:15,16:30,2012-08-23 22:15:00,2012-08-23 16:30:00,2012-08-23 22:15:00,UTC
B.S.: 2069-05-07A.D.: 2012-08-23,Local: 22:27UTC: 16:42,28.39,82.73,4.4,Rolpa,2012-08-23,2069-05-07,22:27,16:42,2012-08-23 22:27:00,2012-08-23 16:42:00,2012-08-23 22:27:00,UTC
B.S.: 2069-05-08A.D.: 2012-08-24,Local: 09:40UTC: 03:55,28.42,82.75,5.2,Rolpa,2012-08-24,2069-05-08,09:40,03:55,2012-08-24 09:40:00,2012-08-24 03:55:00,2012-08-24 09:40:00,UTC
B.S.: 2069-05-08A.D.: 2012-08-24,Local: 18:02UTC: 12:17,28.38,82.66,4.4,Rolpa,2012-08-24,2069-05-08,18:02,12:17,2012-08-24 18:02:00,2012-08-24 12:17:00,2012-08-24 18:02:00,UTC
B.S.: 2069-05-12A.D.: 2012-08-28,Local: 14:16UTC: 08:31,28.73,81.81,4.4,Dailekh,2012-08-28,2069-05-12,14:16,08:31,2012-08-28 14:16:00,2012-08-28 08:31:00,2012-08-28 14:16:00,UTC
B.S.: 2069-05-13A.D.: 2012-08-29,Local: 01:39UTC: 19:54,28.4,82.79,4.3,Rolpa,2012-08-29,2069-05-13,01:39,19:54,2012-08-29 01:39:00,2012-08-29 19:54:00,2012-08-30 01:39:00,UTC
B.S.: 2069-05-14A.D.: 2012-08-30,Local: 19:56UTC: 14:11,28.61,82.43,4.5,Rukum West,2012-08-30,2069-05-14,19:56,14:11,2012-08-30 19:56:00,2012-08-30 14:11:00,2012-08-30 19:56:00,UTC
B.S.: 2069-06-01A.D.: 2012-09-17,Local: 15:30UTC: 09:45,28.59,82.41,4.4,Rukum West*,2012-09-17,2069-06-01,15:30,09:45,2012-09-17 15:30:00,2012-09-17 09:45:00,2012-09-17 15:30:00,UTC
B.S.: 2069-07-06A.D.: 2012-10-22,Local: 12:41UTC: 06:56,27.95,87.86,4.5,Taplejung/Tibet,2012-10-22,2069-07-06,12:41,06:56,2012-10-22 12:41:00,2012-10-22 06:56:00,2012-10-22 12:41:00,UTC
B.S.: 2069-07-26A.D.: 2012-11-11,Local: 00:24UTC: 18:39,29.51,81.13,5.6,Bajhang,2012-11-11,2069-07-26,00:24,18:39,2012-11-11 00:24:00,2012-11-11 18:39:00,2012-11-12 00:24:00,UTC
B.S.: 2069-07-27A.D.: 2012-11-12,Local: 18:27UTC: 12:42,29.55,81.31,4.5,Bajhang,2012-11-12,2069-07-27,18:27,12:42,2012-11-12 18:27:00,2012-11-12 12:42:00,2012-11-12 18:27:00,UTC
B.S.: 2069-08-19A.D.: 2012-12-04,Local: 08:46UTC: 03:01,28.88,82.34,4,Jajarkot,2012-12-04,2069-08-19,08:46,03:01,2012-12-04 08:46:00,2012-12-04 03:01:00,2012-12-04 08:46:00,UTC
B.S.: 2069-09-07A.D.: 2012-12-22,Local: 11:50UTC: 06:05,28.27,82.84,4.5,Rolpa,2012-12-22,2069-09-07,11:50,06:05,2012-12-22 11:50:00,2012-12-22 06:05:00,2012-12-22 11:50:00,UTC
B.S.: 2069-09-18A.D.: 2013-01-02,Local: 23:27UTC: 17:42,29.41,81,4.7,Doti,2013-01-02,2069-09-18,23:27,17:42,2013-01-02 23:27:00,2013-01-02 17:42:00,2013-01-02 23:27:00,UTC
B.S.: 2069-09-25A.D.: 2013-01-09,Local: 13:29UTC: 07:44,29.82,81.7,5.5,Bajura,2013-01-09,2069-09-25,13:29,07:44,2013-01-09 13:29:00,2013-01-09 07:44:00,2013-01-09 13:29:00,UTC
B.S.: 2069-09-29A.D.: 2013-01-13,Local: 23:20UTC: 17:35,26.84,86.22,4,Siraha,2013-01-13,2069-09-29,23:20,17:35,2013-01-13 23:20:00,2013-01-13 17:35:00,2013-01-13 23:20:00,UTC
B.S.: 2069-10-05A.D.: 2013-01-18,Local: 02:44UTC: 20:59,29.48,81.26,4.5,Bajhang,2013-01-18,2069-10-05,02:44,20:59,2013-01-18 02:44:00,2013-01-18 20:59:00,2013-01-19 02:44:00,UTC
B.S.: 2069-10-25A.D.: 2013-02-07,Local: 06:53UTC: 01:08,29.42,81.05,4,Bajhang,2013-02-07,2069-10-25,06:53,01:08,2013-02-07 06:53:00,2013-02-07 01:08:00,2013-02-07 06:53:00,UTC
B.S.: 2069-11-11A.D.: 2013-02-22,Local: 08:26UTC: 02:41,28.39,83.18,4.1,Baglung,2013-02-22,2069-11-11,08:26,02:41,2013-02-22 08:26:00,2013-02-22 02:41:00,2013-02-22 08:26:00,UTC
B.S.: 2069-11-23A.D.: 2013-03-06,Local: 22:34UTC: 16:49,28.57,82.27,5.4,Salyan,2013-03-06,2069-11-23,22:34,16:49,2013-03-06 22:34:00,2013-03-06 16:49:00,2013-03-06 22:34:00,UTC
B.S.: 2069-12-04A.D.: 2013-03-17,Local: 17:44UTC: 11:59,26.74,86.08,4.2,Dhanusha,2013-03-17,2069-12-04,17:44,11:59,2013-03-17 17:44:00,2013-03-17 11:59:00,2013-03-17 17:44:00,UTC
B.S.: 2070-01-15A.D.: 2013-04-28,Local: 00:13UTC: 18:28,29.87,81.26,4.9,Bajhang,2013-04-28,2070-01-15,00:13,18:28,2013-04-28 00:13:00,2013-04-28 18:28:00,2013-04-29 00:13:00,UTC
B.S.: 2070-01-31A.D.: 2013-05-14,Local: 08:58UTC: 03:13,29.56,82,4.3,Mugu,2013-05-14,2070-01-31,08:58,03:13,2013-05-14 08:58:00,2013-05-14 03:13:00,2013-05-14 08:58:00,UTC
B.S.: 2070-01-31A.D.: 2013-05-14,Local: 09:03UTC: 03:18,29.68,82,4.4,Mugu,2013-05-14,2070-01-31,09:03,03:18,2013-05-14 09:03:00,2013-05-14 03:18:00,2013-05-14 09:03:00,UTC
B.S.: 2070-01-31A.D.: 2013-05-14,Local: 15:44UTC: 09:59,29.65,81.98,4.5,Mugu,2013-05-14,2070-01-31,15:44,09:59,2013-05-14 15:44:00,2013-05-14 09:59:00,2013-05-14 15:44:00,UTC
B.S.: 2070-02-12A.D.: 2013-05-26,Local: 23:23UTC: 17:38,27.72,85.91,4.2,Sindhupalchok,2013-05-26,2070-02-12,23:23,17:38,2013-05-26 23:23:00,2013-05-26 17:38:00,2013-05-26 23:23:00,UTC
B.S.: 2070-02-17A.D.: 2013-05-31,Local: 11:49UTC: 06:04,29.74,81.6,4.5,Bajura,2013-05-31,2070-02-17,11:49,06:04,2013-05-31 11:49:00,2013-05-31 06:04:00,2013-05-31 11:49:00,UTC
B.S.: 2070-02-26A.D.: 2013-06-09,Local: 21:56UTC: 16:11,27.31,86.7,4.2,Khotang*,2013-06-09,2070-02-26,21:56,16:11,2013-06-09 21:56:00,2013-06-09 16:11:00,2013-06-09 21:56:00,UTC
B.S.: 2070-03-12A.D.: 2013-06-26,Local: 04:07UTC: 22:22,26.85,85.96,4.4,Dhanusha,2013-06-26,2070-03-12,04:07,22:22,2013-06-26 04:07:00,2013-06-26 22:22:00,2013-06-27 04:07:00,UTC
B.S.: 2070-03-13A.D.: 2013-06-27,Local: 12:05UTC: 06:20,30.05,80.8,4.4,Darchula,2013-06-27,2070-03-13,12:05,06:20,2013-06-27 12:05:00,2013-06-27 06:20:00,2013-06-27 12:05:00,UTC
B.S.: 2070-03-14A.D.: 2013-06-28,Local: 17:25UTC: 11:40,28.76,82.4,5.5,Rukum West,2013-06-28,2070-03-14,17:25,11:40,2013-06-28 17:25:00,2013-06-28 11:40:00,2013-06-28 17:25:00,UTC
B.S.: 2070-05-14A.D.: 2013-08-30,Local: 23:33UTC: 17:48,28.43,86.03,6,Tibet,2013-08-30,2070-05-14,23:33,17:48,2013-08-30 23:33:00,2013-08-30 17:48:00,2013-08-30 23:33:00,UTC
B.S.: 2070-05-27A.D.: 2013-09-12,Local: 10:14UTC: 04:29,26.96,87.34,4.5,Dhankuta,2013-09-12,2070-05-27,10:14,04:29,2013-09-12 10:14:00,2013-09-12 04:29:00,2013-09-12 10:14:00,UTC
B.S.: 2070-06-06A.D.: 2013-09-22,Local: 20:20UTC: 14:35,30.25,81.55,4.4,Humla,2013-09-22,2070-06-06,20:20,14:35,2013-09-22 20:20:00,2013-09-22 14:35:00,2013-09-22 20:20:00,UTC
B.S.: 2070-06-17A.D.: 2013-10-03,Local: 11:57UTC: 06:12,27.14,88.51,5.7,Sikkim,2013-10-03,2070-06-17,11:57,06:12,2013-10-03 11:57:00,2013-10-03 06:12:00,2013-10-03 11:57:00,UTC
B.S.: 2070-06-27A.D.: 2013-10-13,Local: 03:28UTC: 21:43,30.08,81.74,4.5,Humla,2013-10-13,2070-06-27,03:28,21:43,2013-10-13 03:28:00,2013-10-13 21:43:00,2013-10-14 03:28:00,UTC
B.S.: 2070-07-11A.D.: 2013-10-28,Local: 07:22UTC: 01:37,27.36,87.37,4.3,Sankhuwasabha*,2013-10-28,2070-07-11,07:22,01:37,2013-10-28 07:22:00,2013-10-28 01:37:00,2013-10-28 07:22:00,UTC
B.S.: 2070-07-17A.D.: 2013-11-03,Local: 12:32UTC: 06:47,29.56,81.68,4.3,Bajura,2013-11-03,2070-07-17,12:32,06:47,2013-11-03 12:32:00,2013-11-03 06:47:00,2013-11-03 12:32:00,UTC
B.S.: 2070-12-17A.D.: 2014-03-31,Local: 13:36UTC: 07:51,30.11,81.93,4.4,Humla,2014-03-31,2070-12-17,13:36,07:51,2014-03-31 13:36:00,2014-03-31 07:51:00,2014-03-31 13:36:00,UTC
B.S.: 2070-12-28A.D.: 2014-04-11,Local: 23:07UTC: 17:22,29.29,81.26,4.2,Achham,2014-04-11,2070-12-28,23:07,17:22,2014-04-11 23:07:00,2014-04-11 17:22:00,2014-04-11 23:07:00,UTC
B.S.: 2071-01-10A.D.: 2014-04-23,Local: 12:59UTC: 07:14,27.3,87.62,4,Taplejung,2014-04-23,2071-01-10,12:59,07:14,2014-04-23 12:59:00,2014-04-23 07:14:00,2014-04-23 12:59:00,UTC
B.S.: 2071-02-06A.D.: 2014-05-20,Local: 00:21UTC: 18:36,28.32,84.73,4.3,Gorkha,2014-05-20,2071-02-06,00:21,18:36,2014-05-20 00:21:00,2014-05-20 18:36:00,2014-05-21 00:21:00,UTC
B.S.: 2071-02-11A.D.: 2014-05-25,Local: 08:31UTC: 02:46,28.23,84.09,4.1,Kaski,2014-05-25,2071-02-11,08:31,02:46,2014-05-25 08:31:00,2014-05-25 02:46:00,2014-05-25 08:31:00,UTC
B.S.: 2071-03-20A.D.: 2014-07-04,Local: 11:43UTC: 05:58,27.83,87.91,4.6,Taplejung,2014-07-04,2071-03-20,11:43,05:58,2014-07-04 11:43:00,2014-07-04 05:58:00,2014-07-04 11:43:00,UTC
B.S.: 2071-03-23A.D.: 2014-07-07,Local: 22:22UTC: 16:37,29.73,80.93,4.2,Darchula,2014-07-07,2071-03-23,22:22,16:37,2014-07-07 22:22:00,2014-07-07 16:37:00,2014-07-07 22:22:00,UTC
B.S.: 2071-04-18A.D.: 2014-08-03,Local: 23:42UTC: 17:57,29.45,85.64,5.9,Tibet,2014-08-03,2071-04-18,23:42,17:57,2014-08-03 23:42:00,2014-08-03 17:57:00,2014-08-03 23:42:00,UTC
B.S.: 2071-06-01A.D.: 2014-09-17,Local: 16:14UTC: 10:29,27.76,88.05,4.5,Taplejung,2014-09-17,2071-06-01,16:14,10:29,2014-09-17 16:14:00,2014-09-17 10:29:00,2014-09-17 16:14:00,UTC
B.S.: 2071-08-09A.D.: 2014-11-25,Local: 21:34UTC: 15:49,28.25,84.94,4.5,Gorkha*,2014-11-25,2071-08-09,21:34,15:49,2014-11-25 21:34:00,2014-11-25 15:49:00,2014-11-25 21:34:00,UTC
B.S.: 2071-09-03A.D.: 2014-12-18,Local: 21:17UTC: 15:32,27.73,86.52,5.9,Ramechhap,2014-12-18,2071-09-03,21:17,15:32,2014-12-18 21:17:00,2014-12-18 15:32:00,2014-12-18 21:17:00,UTC
B.S.: 2071-09-22A.D.: 2015-01-06,Local: 07:11UTC: 01:26,29.07,81.51,4.5,Dailekh,2015-01-06,2071-09-22,07:11,01:26,2015-01-06 07:11:00,2015-01-06 01:26:00,2015-01-06 07:11:00,UTC
B.S.: 2071-10-08A.D.: 2015-01-22,Local: 15:12UTC: 09:27,29.36,81.03,4.4,Doti,2015-01-22,2071-10-08,15:12,09:27,2015-01-22 15:12:00,2015-01-22 09:27:00,2015-01-22 15:12:00,UTC
B.S.: 2071-10-17A.D.: 2015-01-31,Local: 01:29UTC: 19:44,28.29,83.73,5.5,Parbat,2015-01-31,2071-10-17,01:29,19:44,2015-01-31 01:29:00,2015-01-31 19:44:00,2015-02-01 01:29:00,UTC
B.S.: 2071-11-02A.D.: 2015-02-14,Local: 04:36UTC: 22:51,27.42,87.01,4.5,Bhojpur,2015-02-14,2071-11-02,04:36,22:51,2015-02-14 04:36:00,2015-02-14 22:51:00,2015-02-15 04:36:00,UTC
B.S.: 2072-01-08A.D.: 2015-04-21,Local: 01:37UTC: 19:52,28.85,82.18,5.1,Jajarkot,2015-04-21,2072-01-08,01:37,19:52,2015-04-21 01:37:00,2015-04-21 19:52:00,2015-04-22 01:37:00,UTC
B.S.: 2072-01-09A.D.: 2015-04-22,Local: 12:59UTC: 07:14,28.8,81.92,4.5,Jajarkot,2015-04-22,2072-01-09,12:59,07:14,2015-04-22 12:59:00,2015-04-22 07:14:00,2015-04-22 12:59:00,UTC
B.S.: 2072-01-10A.D.: 2015-04-23,Local: 07:42UTC: 01:57,28.4,83.99,4.1,Kaski,2015-04-23,2072-01-10,07:42,01:57,2015-04-23 07:42:00,2015-04-23 01:57:00,2015-04-23 07:42:00,UTC
B.S.: 2072-01-12A.D.: 2015-04-25,Local: 11:56UTC: 06:11,28.24,84.75,7.6,Gorkha,2015-04-25,2072-01-12,11:56,06:11,2015-04-25 11:56:00,2015-04-25 06:11:00,2015-04-25 11:56:00,UTC
B.S.: 2072-01-12A.D.: 2015-04-25,Local: 12:23UTC: 06:38,28.41,85.8,5.5,Tibet,2015-04-25,2072-01-12,12:23,06:38,2015-04-25 12:23:00,2015-04-25 06:38:00,2015-04-25 12:23:00,UTC
B.S.: 2072-01-12A.D.: 2015-04-25,Local: 12:30UTC: 06:45,28.28,84.72,6.6,Gorkha,2015-04-25,2072-01-12,12:30,06:45,2015-04-25 12:30:00,2015-04-25 06:45:00,2015-04-25 12:30:00,UTC
B.S.: 2072-01-12A.D.: 2015-04-25,Local: 12:41UTC: 06:56,28.13,85.65,5,Rasuwa,2015-04-25,2072-01-12,12:41,06:56,2015-04-25 12:41:00,2015-04-25 06:56:00,2015-04-25 12:41:00,UTC
B.S.: 2072-01-12A.D.: 2015-04-25,Local: 12:53UTC: 07:08,28.2,85.75,5.3,Rasuwa*,2015-04-25,2072-01-12,12:53,07:08,2015-04-25 12:53:00,2015-04-25 07:08:00,2015-04-25 12:53:00,UTC
B.S.: 2072-01-12A.D.: 2015-04-25,Local: 13:06UTC: 07:21,27.69,86.02,4.9,Dolakha,2015-04-25,2072-01-12,13:06,07:21,2015-04-25 13:06:00,2015-04-25 07:21:00,2015-04-25 13:06:00,UTC
B.S.: 2072-01-12A.D.: 2015-04-25,Local: 13:32UTC: 07:47,27.99,85.71,5.1,Sindhupalchok,2015-04-25,2072-01-12,13:32,07:47,2015-04-25 13:32:00,2015-04-25 07:47:00,2015-04-25 13:32:00,UTC
B.S.: 2072-01-12A.D.: 2015-04-25,Local: 14:02UTC: 08:17,27.78,85.84,5.2,Sindhupalchok,2015-04-25,2072-01-12,14:02,08:17,2015-04-25 14:02:00,2015-04-25 08:17:00,2015-04-25 14:02:00,UTC
B.S.: 2072-01-12A.D.: 2015-04-25,Local: 14:05UTC: 08:20,27.9,84.86,5.1,Dhading,2015-04-25,2072-01-12,14:05,08:20,2015-04-25 14:05:00,2015-04-25 08:20:00,2015-04-25 14:05:00,UTC
B.S.: 2072-01-12A.D.: 2015-04-25,Local: 14:06UTC: 08:21,27.6,86.09,4.5,Dolakha,2015-04-25,2072-01-12,14:06,08:21,2015-04-25 14:06:00,2015-04-25 08:21:00,2015-04-25 14:06:00,UTC
B.S.: 2072-01-12A.D.: 2015-04-25,Local: 14:14UTC: 08:29,28.18,84.95,5.2,Gorkha,2015-04-25,2072-01-12,14:14,08:29,2015-04-25 14:14:00,2015-04-25 08:29:00,2015-04-25 14:14:00,UTC
B.S.: 2072-01-12A.D.: 2015-04-25,Local: 14:40UTC: 08:55,27.65,85.63,5.7,Kavrepalanchok,2015-04-25,2072-01-12,14:40,08:55,2015-04-25 14:40:00,2015-04-25 08:55:00,2015-04-25 14:40:00,UTC
B.S.: 2072-01-12A.D.: 2015-04-25,Local: 14:48UTC: 09:03,27.91,85.33,5.3,Nuwakot,2015-04-25,2072-01-12,14:48,09:03,2015-04-25 14:48:00,2015-04-25 09:03:00,2015-04-25 14:48:00,UTC
B.S.: 2072-01-12A.D.: 2015-04-25,Local: 15:15UTC: 09:30,28,85.6,5.5,Sindhupalchok,2015-04-25,2072-01-12,15:15,09:30,2015-04-25 15:15:00,2015-04-25 09:30:00,2015-04-25 15:15:00,UTC
B.S.: 2072-01-12A.D.: 2015-04-25,Local: 15:28UTC: 09:43,28.29,85.16,4.6,Dhading,2015-04-25,2072-01-12,15:28,09:43,2015-04-25 15:28:00,2015-04-25 09:43:00,2015-04-25 15:28:00,UTC
B.S.: 2072-01-12A.D.: 2015-04-25,Local: 16:08UTC: 10:23,27.87,85.8,4.1,Sindhupalchok,2015-04-25,2072-01-12,16:08,10:23,2015-04-25 16:08:00,2015-04-25 10:23:00,2015-04-25 16:08:00,UTC
B.S.: 2072-01-12A.D.: 2015-04-25,Local: 16:25UTC: 10:40,27.86,85.85,4,Sindhupalchok,2015-04-25,2072-01-12,16:25,10:40,2015-04-25 16:25:00,2015-04-25 10:40:00,2015-04-25 16:25:00,UTC
B.S.: 2072-01-12A.D.: 2015-04-25,Local: 16:50UTC: 11:05,27.91,85.5,4.6,Sindhupalchok,2015-04-25,2072-01-12,16:50,11:05,2015-04-25 16:50:00,2015-04-25 11:05:00,2015-04-25 16:50:00,UTC
B.S.: 2072-01-12A.D.: 2015-04-25,Local: 17:26UTC: 11:41,28.14,85.28,4,Rasuwa,2015-04-25,2072-01-12,17:26,11:41,2015-04-25 17:26:00,2015-04-25 11:41:00,2015-04-25 17:26:00,UTC
B.S.: 2072-01-12A.D.: 2015-04-25,Local: 18:02UTC: 12:17,28,85.4,4,Nuwakot,2015-04-25,2072-01-12,18:02,12:17,2015-04-25 18:02:00,2015-04-25 12:17:00,2015-04-25 18:02:00,UTC
B.S.: 2072-01-12A.D.: 2015-04-25,Local: 18:24UTC: 12:39,27.82,86.05,4.5,Dolakha,2015-04-25,2072-01-12,18:24,12:39,2015-04-25 18:24:00,2015-04-25 12:39:00,2015-04-25 18:24:00,UTC
B.S.: 2072-01-12A.D.: 2015-04-25,Local: 18:29UTC: 12:44,28.16,84.71,5.5,Gorkha,2015-04-25,2072-01-12,18:29,12:44,2015-04-25 18:29:00,2015-04-25 12:44:00,2015-04-25 18:29:00,UTC
B.S.: 2072-01-12A.D.: 2015-04-25,Local: 19:15UTC: 13:30,28.1,85.2,4.7,Rasuwa,2015-04-25,2072-01-12,19:15,13:30,2015-04-25 19:15:00,2015-04-25 13:30:00,2015-04-25 19:15:00,UTC
B.S.: 2072-01-12A.D.: 2015-04-25,Local: 21:13UTC: 15:28,28.29,85.16,4,Rasuwa,2015-04-25,2072-01-12,21:13,15:28,2015-04-25 21:13:00,2015-04-25 15:28:00,2015-04-25 21:13:00,UTC
B.S.: 2072-01-12A.D.: 2015-04-25,Local: 21:53UTC: 16:08,27.87,85.8,4,Sindhupalchok,2015-04-25,2072-01-12,21:53,16:08,2015-04-25 21:53:00,2015-04-25 16:08:00,2015-04-25 21:53:00,UTC
B.S.: 2072-01-12A.D.: 2015-04-25,Local: 01:40UTC: 19:55,27.73,85.9,4,Sindhupalchok,2015-04-25,2072-01-12,01:40,19:55,2015-04-25 01:40:00,2015-04-25 19:55:00,2015-04-26 01:40:00,UTC
B.S.: 2072-01-12A.D.: 2015-04-25,Local: 01:53UTC: 20:08,28.05,85.25,4,Rasuwa,2015-04-25,2072-01-12,01:53,20:08,2015-04-25 01:53:00,2015-04-25 20:08:00,2015-04-26 01:53:00,UTC
B.S.: 2072-01-12A.D.: 2015-04-25,Local: 02:06UTC: 20:21,27.6,86.09,4,Dolakha,2015-04-25,2072-01-12,02:06,20:21,2015-04-25 02:06:00,2015-04-25 20:21:00,2015-04-26 02:06:00,UTC
B.S.: 2072-01-12A.D.: 2015-04-25,Local: 02:10UTC: 20:25,27.73,85.9,5,Sindhupalchok,2015-04-25,2072-01-12,02:10,20:25,2015-04-25 02:10:00,2015-04-25 20:25:00,2015-04-26 02:10:00,UTC
B.S.: 2072-01-12A.D.: 2015-04-25,Local: 02:21UTC: 20:36,28.14,85.16,4,Rasuwa*,2015-04-25,2072-01-12,02:21,20:36,2015-04-25 02:21:00,2015-04-25 20:36:00,2015-04-26 02:21:00,UTC
B.S.: 2072-01-12A.D.: 2015-04-25,Local: 02:47UTC: 21:02,27.95,85.56,4,Sindhupalchok,2015-04-25,2072-01-12,02:47,21:02,2015-04-25 02:47:00,2015-04-25 21:02:00,2015-04-26 02:47:00,UTC
B.S.: 2072-01-12A.D.: 2015-04-25,Local: 03:57UTC: 22:12,27.92,85.64,5,Sindhupalchok,2015-04-25,2072-01-12,03:57,22:12,2015-04-25 03:57:00,2015-04-25 22:12:00,2015-04-26 03:57:00,UTC
B.S.: 2072-01-12A.D.: 2015-04-25,Local: 04:16UTC: 22:31,27.8,85.29,4,Nuwakot,2015-04-25,2072-01-12,04:16,22:31,2015-04-25 04:16:00,2015-04-25 22:31:00,2015-04-26 04:16:00,UTC
B.S.: 2072-01-12A.D.: 2015-04-25,Local: 05:04UTC: 23:19,27.77,85.83,4,Sindhupalchok,2015-04-25,2072-01-12,05:04,23:19,2015-04-25 05:04:00,2015-04-25 23:19:00,2015-04-26 05:04:00,UTC
B.S.: 2072-01-12A.D.: 2015-04-25,Local: 05:09UTC: 23:24,27.9,85.53,4,Sindhupalchok,2015-04-25,2072-01-12,05:09,23:24,2015-04-25 05:09:00,2015-04-25 23:24:00,2015-04-26 05:09:00,UTC
B.S.: 2072-01-12A.D.: 2015-04-25,Local: 05:10UTC: 23:25,27.78,85.17,4,Nuwakot,2015-04-25,2072-01-12,05:10,23:25,2015-04-25 05:10:00,2015-04-25 23:25:00,2015-04-26 05:10:00,UTC
B.S.: 2072-01-12A.D.: 2015-04-25,Local: 05:12UTC: 23:27,28.34,85.91,5,Tibet,2015-04-25,2072-01-12,05:12,23:27,2015-04-25 05:12:00,2015-04-25 23:27:00,2015-04-26 05:12:00,UTC
B.S.: 2072-01-13A.D.: 2015-04-26,Local: 06:57UTC: 01:12,27.75,85.94,5.3,Sindhupalchok,2015-04-26,2072-01-13,06:57,01:12,2015-04-26 06:57:00,2015-04-26 01:12:00,2015-04-26 06:57:00,UTC
B.S.: 2072-01-13A.D.: 2015-04-26,Local: 07:14UTC: 01:29,27.93,85.56,4.1,Sindhupalchok,2015-04-26,2072-01-13,07:14,01:29,2015-04-26 07:14:00,2015-04-26 01:29:00,2015-04-26 07:14:00,UTC
B.S.: 2072-01-13A.D.: 2015-04-26,Local: 07:34UTC: 01:49,28.05,85.35,4,Rasuwa,2015-04-26,2072-01-13,07:34,01:49,2015-04-26 07:34:00,2015-04-26 01:49:00,2015-04-26 07:34:00,UTC
B.S.: 2072-01-13A.D.: 2015-04-26,Local: 07:37UTC: 01:52,28.14,84.71,4.2,Gorkha*,2015-04-26,2072-01-13,07:37,01:52,2015-04-26 07:37:00,2015-04-26 01:52:00,2015-04-26 07:37:00,UTC
B.S.: 2072-01-13A.D.: 2015-04-26,Local: 07:41UTC: 01:56,27.93,85.56,4.4,Sindhupalchok,2015-04-26,2072-01-13,07:41,01:56,2015-04-26 07:41:00,2015-04-26 01:56:00,2015-04-26 07:41:00,UTC
B.S.: 2072-01-13A.D.: 2015-04-26,Local: 07:53UTC: 02:08,28.25,85.83,4,Tibet,2015-04-26,2072-01-13,07:53,02:08,2015-04-26 07:53:00,2015-04-26 02:08:00,2015-04-26 07:53:00,UTC
B.S.: 2072-01-13A.D.: 2015-04-26,Local: 08:02UTC: 02:17,27.6,85.96,4.8,Dolakha,2015-04-26,2072-01-13,08:02,02:17,2015-04-26 08:02:00,2015-04-26 02:17:00,2015-04-26 08:02:00,UTC
B.S.: 2072-01-13A.D.: 2015-04-26,Local: 08:10UTC: 02:25,27.79,86,4.8,Sindhupalchok,2015-04-26,2072-01-13,08:10,02:25,2015-04-26 08:10:00,2015-04-26 02:25:00,2015-04-26 08:10:00,UTC
B.S.: 2072-01-13A.D.: 2015-04-26,Local: 08:34UTC: 02:49,27.98,84.99,4,Dhading,2015-04-26,2072-01-13,08:34,02:49,2015-04-26 08:34:00,2015-04-26 02:49:00,2015-04-26 08:34:00,UTC
B.S.: 2072-01-13A.D.: 2015-04-26,Local: 08:37UTC: 02:52,27.82,85.8,4.8,Sindhupalchok,2015-04-26,2072-01-13,08:37,02:52,2015-04-26 08:37:00,2015-04-26 02:52:00,2015-04-26 08:37:00,UTC
B.S.: 2072-01-13A.D.: 2015-04-26,Local: 11:10UTC: 05:25,27.69,85.25,4,Kathmandu,2015-04-26,2072-01-13,11:10,05:25,2015-04-26 11:10:00,2015-04-26 05:25:00,2015-04-26 11:10:00,UTC
B.S.: 2072-01-13A.D.: 2015-04-26,Local: 11:11UTC: 05:26,27.67,86.07,4.5,Dolakha,2015-04-26,2072-01-13,11:11,05:26,2015-04-26 11:11:00,2015-04-26 05:26:00,2015-04-26 11:11:00,UTC
B.S.: 2072-01-13A.D.: 2015-04-26,Local: 11:17UTC: 05:32,28.05,85.34,4,Rasuwa,2015-04-26,2072-01-13,11:17,05:32,2015-04-26 11:17:00,2015-04-26 05:32:00,2015-04-26 11:17:00,UTC
B.S.: 2072-01-13A.D.: 2015-04-26,Local: 11:45UTC: 06:00,27.67,85.28,4,Kathmandu,2015-04-26,2072-01-13,11:45,06:00,2015-04-26 11:45:00,2015-04-26 06:00:00,2015-04-26 11:45:00,UTC
B.S.: 2072-01-13A.D.: 2015-04-26,Local: 12:01UTC: 06:16,27.84,85.12,4,Nuwakot,2015-04-26,2072-01-13,12:01,06:16,2015-04-26 12:01:00,2015-04-26 06:16:00,2015-04-26 12:01:00,UTC
B.S.: 2072-01-13A.D.: 2015-04-26,Local: 12:41UTC: 06:56,27.89,85.6,5,Sindhupalchok,2015-04-26,2072-01-13,12:41,06:56,2015-04-26 12:41:00,2015-04-26 06:56:00,2015-04-26 12:41:00,UTC
B.S.: 2072-01-13A.D.: 2015-04-26,Local: 12:53UTC: 07:08,27.68,85.95,4,Dolakha,2015-04-26,2072-01-13,12:53,07:08,2015-04-26 12:53:00,2015-04-26 07:08:00,2015-04-26 12:53:00,UTC
B.S.: 2072-01-13A.D.: 2015-04-26,Local: 12:54UTC: 07:09,27.84,86.05,6.9,Dolakha,2015-04-26,2072-01-13,12:54,07:09,2015-04-26 12:54:00,2015-04-26 07:09:00,2015-04-26 12:54:00,UTC
B.S.: 2072-01-13A.D.: 2015-04-26,Local: 14:02UTC: 08:17,27.79,85.15,4,Nuwakot,2015-04-26,2072-01-13,14:02,08:17,2015-04-26 14:02:00,2015-04-26 08:17:00,2015-04-26 14:02:00,UTC
B.S.: 2072-01-13A.D.: 2015-04-26,Local: 14:14UTC: 08:29,27.72,85.97,4.5,Dolakha,2015-04-26,2072-01-13,14:14,08:29,2015-04-26 14:14:00,2015-04-26 08:29:00,2015-04-26 14:14:00,UTC
B.S.: 2072-01-13A.D.: 2015-04-26,Local: 14:27UTC: 08:42,28.31,84.97,4.5,Gorkha,2015-04-26,2072-01-13,14:27,08:42,2015-04-26 14:27:00,2015-04-26 08:42:00,2015-04-26 14:27:00,UTC
B.S.: 2072-01-13A.D.: 2015-04-26,Local: 14:28UTC: 08:43,28.32,84.73,4.5,Gorkha,2015-04-26,2072-01-13,14:28,08:43,2015-04-26 14:28:00,2015-04-26 08:43:00,2015-04-26 14:28:00,UTC
B.S.: 2072-01-13A.D.: 2015-04-26,Local: 14:40UTC: 08:55,27.8,85.16,5.1,Nuwakot,2015-04-26,2072-01-13,14:40,08:55,2015-04-26 14:40:00,2015-04-26 08:55:00,2015-04-26 14:40:00,UTC
B.S.: 2072-01-13A.D.: 2015-04-26,Local: 14:51UTC: 09:06,27.64,85.63,5,Kavrepalanchok*,2015-04-26,2072-01-13,14:51,09:06,2015-04-26 14:51:00,2015-04-26 09:06:00,2015-04-26 14:51:00,UTC
B.S.: 2072-01-13A.D.: 2015-04-26,Local: 15:32UTC: 09:47,27.65,85.97,4,Dolakha,2015-04-26,2072-01-13,15:32,09:47,2015-04-26 15:32:00,2015-04-26 09:47:00,2015-04-26 15:32:00,UTC
B.S.: 2072-01-13A.D.: 2015-04-26,Local: 15:53UTC: 10:08,27.67,85.3,4,Lalitpur,2015-04-26,2072-01-13,15:53,10:08,2015-04-26 15:53:00,2015-04-26 10:08:00,2015-04-26 15:53:00,UTC
B.S.: 2072-01-13A.D.: 2015-04-26,Local: 15:55UTC: 10:10,27.95,85.87,5.3,Sindhupalchok,2015-04-26,2072-01-13,15:55,10:10,2015-04-26 15:55:00,2015-04-26 10:10:00,2015-04-26 15:55:00,UTC
B.S.: 2072-01-13A.D.: 2015-04-26,Local: 16:20UTC: 10:35,28.04,85.5,4.5,Sindhupalchok,2015-04-26,2072-01-13,16:20,10:35,2015-04-26 16:20:00,2015-04-26 10:35:00,2015-04-26 16:20:00,UTC
B.S.: 2072-01-13A.D.: 2015-04-26,Local: 16:27UTC: 10:42,27.83,86.06,4,Dolakha,2015-04-26,2072-01-13,16:27,10:42,2015-04-26 16:27:00,2015-04-26 10:42:00,2015-04-26 16:27:00,UTC
B.S.: 2072-01-13A.D.: 2015-04-26,Local: 16:28UTC: 10:43,28.26,85.02,4.8,Gorkha,2015-04-26,2072-01-13,16:28,10:43,2015-04-26 16:28:00,2015-04-26 10:43:00,2015-04-26 16:28:00,UTC
B.S.: 2072-01-13A.D.: 2015-04-26,Local: 17:36UTC: 11:51,27.91,85.55,4.2,Sindhupalchok,2015-04-26,2072-01-13,17:36,11:51,2015-04-26 17:36:00,2015-04-26 11:51:00,2015-04-26 17:36:00,UTC
B.S.: 2072-01-13A.D.: 2015-04-26,Local: 17:59UTC: 12:14,27.94,85.55,4.1,Sindhupalchok,2015-04-26,2072-01-13,17:59,12:14,2015-04-26 17:59:00,2015-04-26 12:14:00,2015-04-26 17:59:00,UTC
B.S.: 2072-01-13A.D.: 2015-04-26,Local: 18:28UTC: 12:43,27.71,85.43,4.6,Bhaktapur,2015-04-26,2072-01-13,18:28,12:43,2015-04-26 18:28:00,2015-04-26 12:43:00,2015-04-26 18:28:00,UTC
B.S.: 2072-01-13A.D.: 2015-04-26,Local: 19:07UTC: 13:22,27.94,86.05,5,Tibet,2015-04-26,2072-01-13,19:07,13:22,2015-04-26 19:07:00,2015-04-26 13:22:00,2015-04-26 19:07:00,UTC
B.S.: 2072-01-13A.D.: 2015-04-26,Local: 20:16UTC: 14:31,27.97,85.81,4.5,Sindhupalchok,2015-04-26,2072-01-13,20:16,14:31,2015-04-26 20:16:00,2015-04-26 14:31:00,2015-04-26 20:16:00,UTC
B.S.: 2072-01-13A.D.: 2015-04-26,Local: 21:12UTC: 15:27,27.77,85.91,4.5,Sindhupalchok,2015-04-26,2072-01-13,21:12,15:27,2015-04-26 21:12:00,2015-04-26 15:27:00,2015-04-26 21:12:00,UTC
B.S.: 2072-01-13A.D.: 2015-04-26,Local: 05:04UTC: 23:19,27.77,85.83,4.1,Sindhupalchok,2015-04-26,2072-01-13,05:04,23:19,2015-04-26 05:04:00,2015-04-26 23:19:00,2015-04-27 05:04:00,UTC
B.S.: 2072-01-13A.D.: 2015-04-26,Local: 05:31UTC: 23:46,27.78,85.98,4.1,Sindhupalchok,2015-04-26,2072-01-13,05:31,23:46,2015-04-26 05:31:00,2015-04-26 23:46:00,2015-04-27 05:31:00,UTC
B.S.: 2072-01-14A.D.: 2015-04-27,Local: 06:24UTC: 00:39,28.26,85.1,4.5,Dhading,2015-04-27,2072-01-14,06:24,00:39,2015-04-27 06:24:00,2015-04-27 00:39:00,2015-04-27 06:24:00,UTC
B.S.: 2072-01-14A.D.: 2015-04-27,Local: 09:02UTC: 03:17,27.8,85.12,4,Nuwakot,2015-04-27,2072-01-14,09:02,03:17,2015-04-27 09:02:00,2015-04-27 03:17:00,2015-04-27 09:02:00,UTC
B.S.: 2072-01-14A.D.: 2015-04-27,Local: 09:22UTC: 03:37,27.75,85.2,4.1,Dhading,2015-04-27,2072-01-14,09:22,03:37,2015-04-27 09:22:00,2015-04-27 03:37:00,2015-04-27 09:22:00,UTC
B.S.: 2072-01-14A.D.: 2015-04-27,Local: 10:00UTC: 04:15,27.56,85.73,4.2,Kavrepalanchok,2015-04-27,2072-01-14,10:00,04:15,2015-04-27 10:00:00,2015-04-27 04:15:00,2015-04-27 10:00:00,UTC
B.S.: 2072-01-14A.D.: 2015-04-27,Local: 10:02UTC: 04:17,27.57,85.74,4.5,Kavrepalanchok,2015-04-27,2072-01-14,10:02,04:17,2015-04-27 10:02:00,2015-04-27 04:17:00,2015-04-27 10:02:00,UTC
B.S.: 2072-01-14A.D.: 2015-04-27,Local: 10:12UTC: 04:27,27.82,85.76,4.4,Sindhupalchok,2015-04-27,2072-01-14,10:12,04:27,2015-04-27 10:12:00,2015-04-27 04:27:00,2015-04-27 10:12:00,UTC
B.S.: 2072-01-14A.D.: 2015-04-27,Local: 12:09UTC: 06:24,27.77,85.12,4.7,Nuwakot,2015-04-27,2072-01-14,12:09,06:24,2015-04-27 12:09:00,2015-04-27 06:24:00,2015-04-27 12:09:00,UTC
B.S.: 2072-01-14A.D.: 2015-04-27,Local: 14:03UTC: 08:18,27.67,85.55,4.2,Kavrepalanchok,2015-04-27,2072-01-14,14:03,08:18,2015-04-27 14:03:00,2015-04-27 08:18:00,2015-04-27 14:03:00,UTC
B.S.: 2072-01-14A.D.: 2015-04-27,Local: 15:21UTC: 09:36,27.67,85.29,4.5,Kathmandu,2015-04-27,2072-01-14,15:21,09:36,2015-04-27 15:21:00,2015-04-27 09:36:00,2015-04-27 15:21:00,UTC
B.S.: 2072-01-14A.D.: 2015-04-27,Local: 15:44UTC: 09:59,28.24,85.23,4.3,Rasuwa,2015-04-27,2072-01-14,15:44,09:59,2015-04-27 15:44:00,2015-04-27 09:59:00,2015-04-27 15:44:00,UTC
B.S.: 2072-01-14A.D.: 2015-04-27,Local: 15:50UTC: 10:05,27.93,85.86,4,Sindhupalchok,2015-04-27,2072-01-14,15:50,10:05,2015-04-27 15:50:00,2015-04-27 10:05:00,2015-04-27 15:50:00,UTC
B.S.: 2072-01-14A.D.: 2015-04-27,Local: 16:24UTC: 10:39,27.82,85.89,4.2,Sindhupalchok,2015-04-27,2072-01-14,16:24,10:39,2015-04-27 16:24:00,2015-04-27 10:39:00,2015-04-27 16:24:00,UTC
B.S.: 2072-01-14A.D.: 2015-04-27,Local: 17:15UTC: 11:30,28.19,85.03,4,Dhading*,2015-04-27,2072-01-14,17:15,11:30,2015-04-27 17:15:00,2015-04-27 11:30:00,2015-04-27 17:15:00,UTC
B.S.: 2072-01-15A.D.: 2015-04-28,Local: 06:29UTC: 00:44,28.29,84.93,4,Gorkha,2015-04-28,2072-01-15,06:29,00:44,2015-04-28 06:29:00,2015-04-28 00:44:00,2015-04-28 06:29:00,UTC
B.S.: 2072-01-15A.D.: 2015-04-28,Local: 08:44UTC: 02:59,27.92,85.51,4,Sindhupalchok,2015-04-28,2072-01-15,08:44,02:59,2015-04-28 08:44:00,2015-04-28 02:59:00,2015-04-28 08:44:00,UTC
B.S.: 2072-01-15A.D.: 2015-04-28,Local: 08:55UTC: 03:10,27.83,85.83,4,Sindhupalchok,2015-04-28,2072-01-15,08:55,03:10,2015-04-28 08:55:00,2015-04-28 03:10:00,2015-04-28 08:55:00,UTC
B.S.: 2072-01-15A.D.: 2015-04-28,Local: 08:57UTC: 03:12,27.89,85.76,4.2,Sindhupalchok,2015-04-28,2072-01-15,08:57,03:12,2015-04-28 08:57:00,2015-04-28 03:12:00,2015-04-28 08:57:00,UTC
B.S.: 2072-01-15A.D.: 2015-04-28,Local: 09:56UTC: 04:11,28.1,84.65,4.2,Gorkha,2015-04-28,2072-01-15,09:56,04:11,2015-04-28 09:56:00,2015-04-28 04:11:00,2015-04-28 09:56:00,UTC
B.S.: 2072-01-15A.D.: 2015-04-28,Local: 10:29UTC: 04:44,27.78,85.17,4,Nuwakot,2015-04-28,2072-01-15,10:29,04:44,2015-04-28 10:29:00,2015-04-28 04:44:00,2015-04-28 10:29:00,UTC
B.S.: 2072-01-15A.D.: 2015-04-28,Local: 10:48UTC: 05:03,27.88,85.88,4.2,Sindhupalchok,2015-04-28,2072-01-15,10:48,05:03,2015-04-28 10:48:00,2015-04-28 05:03:00,2015-04-28 10:48:00,UTC
B.S.: 2072-01-15A.D.: 2015-04-28,Local: 10:50UTC: 05:05,28.1,85.49,4.9,Sindhupalchok,2015-04-28,2072-01-15,10:50,05:05,2015-04-28 10:50:00,2015-04-28 05:05:00,2015-04-28 10:50:00,UTC
B.S.: 2072-01-15A.D.: 2015-04-28,Local: 13:30UTC: 07:45,27.81,86.09,4.2,Dolakha,2015-04-28,2072-01-15,13:30,07:45,2015-04-28 13:30:00,2015-04-28 07:45:00,2015-04-28 13:30:00,UTC
B.S.: 2072-01-15A.D.: 2015-04-28,Local: 14:25UTC: 08:40,27.76,85.8,4,Sindhupalchok,2015-04-28,2072-01-15,14:25,08:40,2015-04-28 14:25:00,2015-04-28 08:40:00,2015-04-28 14:25:00,UTC
B.S.: 2072-01-15A.D.: 2015-04-28,Local: 15:52UTC: 10:07,28.2,84.78,4,Gorkha,2015-04-28,2072-01-15,15:52,10:07,2015-04-28 15:52:00,2015-04-28 10:07:00,2015-04-28 15:52:00,UTC
B.S.: 2072-01-16A.D.: 2015-04-29,Local: 10:34UTC: 04:49,27.93,85.63,4,Sindhupalchok,2015-04-29,2072-01-16,10:34,04:49,2015-04-29 10:34:00,2015-04-29 04:49:00,2015-04-29 10:34:00,UTC
B.S.: 2072-01-16A.D.: 2015-04-29,Local: 11:39UTC: 05:54,27.79,85.14,4,Nuwakot,2015-04-29,2072-01-16,11:39,05:54,2015-04-29 11:39:00,2015-04-29 05:54:00,2015-04-29 11:39:00,UTC
B.S.: 2072-01-16A.D.: 2015-04-29,Local: 19:02UTC: 13:17,28.04,85.37,4,Nuwakot*,2015-04-29,2072-01-16,19:02,13:17,2015-04-29 19:02:00,2015-04-29 13:17:00,2015-04-29 19:02:00,UTC
B.S.: 2072-01-16A.D.: 2015-04-29,Local: 21:09UTC: 15:24,27.86,84.89,4,Dhading,2015-04-29,2072-01-16,21:09,15:24,2015-04-29 21:09:00,2015-04-29 15:24:00,2015-04-29 21:09:00,UTC
B.S.: 2072-01-16A.D.: 2015-04-29,Local: 22:57UTC: 17:12,27.95,85.52,4,Sindhupalchok,2015-04-29,2072-01-16,22:57,17:12,2015-04-29 22:57:00,2015-04-29 17:12:00,2015-04-29 22:57:00,UTC
B.S.: 2072-01-16A.D.: 2015-04-29,Local: 04:46UTC: 23:01,28.19,84.8,4,Gorkha,2015-04-29,2072-01-16,04:46,23:01,2015-04-29 04:46:00,2015-04-29 23:01:00,2015-04-30 04:46:00,UTC
B.S.: 2072-01-17A.D.: 2015-04-30,Local: 12:07UTC: 06:22,27.93,84.83,4,Dhading,2015-04-30,2072-01-17,12:07,06:22,2015-04-30 12:07:00,2015-04-30 06:22:00,2015-04-30 12:07:00,UTC
B.S.: 2072-01-17A.D.: 2015-04-30,Local: 14:16UTC: 08:31,28.05,85.34,4,Rasuwa,2015-04-30,2072-01-17,14:16,08:31,2015-04-30 14:16:00,2015-04-30 08:31:00,2015-04-30 14:16:00,UTC
B.S.: 2072-01-17A.D.: 2015-04-30,Local: 19:14UTC: 13:29,27.65,86.09,4,Dolakha,2015-04-30,2072-01-17,19:14,13:29,2015-04-30 19:14:00,2015-04-30 13:29:00,2015-04-30 19:14:00,UTC
B.S.: 2072-01-17A.D.: 2015-04-30,Local: 05:04UTC: 23:19,27.92,85.87,4,Sindhupalchok,2015-04-30,2072-01-17,05:04,23:19,2015-04-30 05:04:00,2015-04-30 23:19:00,2015-05-01 05:04:00,UTC
B.S.: 2072-01-18A.D.: 2015-05-01,Local: 06:43UTC: 00:58,27.7,85.98,4,Dolakha,2015-05-01,2072-01-18,06:43,00:58,2015-05-01 06:43:00,2015-05-01 00:58:00,2015-05-01 06:43:00,UTC
B.S.: 2072-01-18A.D.: 2015-05-01,Local: 08:41UTC: 02:56,27.68,85.3,4,Kathmandu,2015-05-01,2072-01-18,08:41,02:56,2015-05-01 08:41:00,2015-05-01 02:56:00,2015-05-01 08:41:00,UTC
B.S.: 2072-01-18A.D.: 2015-05-01,Local: 16:20UTC: 10:35,27.75,85.95,4,Sindhupalchok,2015-05-01,2072-01-18,16:20,10:35,2015-05-01 16:20:00,2015-05-01 10:35:00,2015-05-01 16:20:00,UTC
B.S.: 2072-01-18A.D.: 2015-05-01,Local: 17:13UTC: 11:28,28.04,85.33,4,Rasuwa,2015-05-01,2072-01-18,17:13,11:28,2015-05-01 17:13:00,2015-05-01 11:28:00,2015-05-01 17:13:00,UTC
B.S.: 2072-01-18A.D.: 2015-05-01,Local: 23:22UTC: 17:37,27.74,85.99,4,Dolakha,2015-05-01,2072-01-18,23:22,17:37,2015-05-01 23:22:00,2015-05-01 17:37:00,2015-05-01 23:22:00,UTC
B.S.: 2072-01-18A.D.: 2015-05-01,Local: 02:12UTC: 20:27,27.88,85.87,4,Sindhupalchok,2015-05-01,2072-01-18,02:12,20:27,2015-05-01 02:12:00,2015-05-01 20:27:00,2015-05-02 02:12:00,UTC
B.S.: 2072-01-18A.D.: 2015-05-01,Local: 05:44UTC: 23:59,28.04,85.32,4,Rasuwa,2015-05-01,2072-01-18,05:44,23:59,2015-05-01 05:44:00,2015-05-01 23:59:00,2015-05-02 05:44:00,UTC
B.S.: 2072-01-19A.D.: 2015-05-02,Local: 09:40UTC: 03:55,27.95,85.73,4,Sindhupalchok,2015-05-02,2072-01-19,09:40,03:55,2015-05-02 09:40:00,2015-05-02 03:55:00,2015-05-02 09:40:00,UTC
B.S.: 2072-01-19A.D.: 2015-05-02,Local: 11:40UTC: 05:55,27.74,86.28,4,Dolakha,2015-05-02,2072-01-19,11:40,05:55,2015-05-02 11:40:00,2015-05-02 05:55:00,2015-05-02 11:40:00,UTC
B.S.: 2072-01-19A.D.: 2015-05-02,Local: 15:17UTC: 09:32,27.93,85.5,4,Sindhupalchok,2015-05-02,2072-01-19,15:17,09:32,2015-05-02 15:17:00,2015-05-02 09:32:00,2015-05-02 15:17:00,UTC
B.S.: 2072-01-19A.D.: 2015-05-02,Local: 16:58UTC: 11:13,27.72,85.74,4,Sindhupalchok,2015-05-02,2072-01-19,16:58,11:13,2015-05-02 16:58:00,2015-05-02 11:13:00,2015-05-02 16:58:00,UTC
B.S.: 2072-01-19A.D.: 2015-05-02,Local: 17:05UTC: 11:20,28.24,84.76,5,Gorkha,2015-05-02,2072-01-19,17:05,11:20,2015-05-02 17:05:00,2015-05-02 11:20:00,2015-05-02 17:05:00,UTC
B.S.: 2072-01-19A.D.: 2015-05-02,Local: 02:46UTC: 21:01,27.66,86.01,4,Dolakha,2015-05-02,2072-01-19,02:46,21:01,2015-05-02 02:46:00,2015-05-02 21:01:00,2015-05-03 02:46:00,UTC
B.S.: 2072-01-20A.D.: 2015-05-03,Local: 09:14UTC: 03:29,27.69,85.93,4.5,Sindhupalchok,2015-05-03,2072-01-20,09:14,03:29,2015-05-03 09:14:00,2015-05-03 03:29:00,2015-05-03 09:14:00,UTC
B.S.: 2072-01-20A.D.: 2015-05-03,Local: 11:05UTC: 05:20,27.8,85.11,4.9,Nuwakot,2015-05-03,2072-01-20,11:05,05:20,2015-05-03 11:05:00,2015-05-03 05:20:00,2015-05-03 11:05:00,UTC
B.S.: 2072-01-20A.D.: 2015-05-03,Local: 11:32UTC: 05:47,28.08,85.04,4,Dhading,2015-05-03,2072-01-20,11:32,05:47,2015-05-03 11:32:00,2015-05-03 05:47:00,2015-05-03 11:32:00,UTC
B.S.: 2072-01-20A.D.: 2015-05-03,Local: 12:43UTC: 06:58,27.89,85.73,4,Sindhupalchok,2015-05-03,2072-01-20,12:43,06:58,2015-05-03 12:43:00,2015-05-03 06:58:00,2015-05-03 12:43:00,UTC
B.S.: 2072-01-20A.D.: 2015-05-03,Local: 13:45UTC: 08:00,27.98,84.87,4.1,Dhading,2015-05-03,2072-01-20,13:45,08:00,2015-05-03 13:45:00,2015-05-03 08:00:00,2015-05-03 13:45:00,UTC
B.S.: 2072-01-20A.D.: 2015-05-03,Local: 14:12UTC: 08:27,28.09,85.72,4.2,Sindhupalchok*,2015-05-03,2072-01-20,14:12,08:27,2015-05-03 14:12:00,2015-05-03 08:27:00,2015-05-03 14:12:00,UTC
B.S.: 2072-01-20A.D.: 2015-05-03,Local: 16:31UTC: 10:46,27.94,84.83,4.5,Dhading,2015-05-03,2072-01-20,16:31,10:46,2015-05-03 16:31:00,2015-05-03 10:46:00,2015-05-03 16:31:00,UTC
B.S.: 2072-01-20A.D.: 2015-05-03,Local: 04:24UTC: 22:39,28.05,84.94,4,Dhading,2015-05-03,2072-01-20,04:24,22:39,2015-05-03 04:24:00,2015-05-03 22:39:00,2015-05-04 04:24:00,UTC
B.S.: 2072-01-21A.D.: 2015-05-04,Local: 07:02UTC: 01:17,28.12,84.8,4,Gorkha,2015-05-04,2072-01-21,07:02,01:17,2015-05-04 07:02:00,2015-05-04 01:17:00,2015-05-04 07:02:00,UTC
B.S.: 2072-01-21A.D.: 2015-05-04,Local: 08:19UTC: 02:34,27.79,86.23,4.7,Dolakha,2015-05-04,2072-01-21,08:19,02:34,2015-05-04 08:19:00,2015-05-04 02:34:00,2015-05-04 08:19:00,UTC
B.S.: 2072-01-21A.D.: 2015-05-04,Local: 09:25UTC: 03:40,27.95,85.86,4.4,Sindhupalchok,2015-05-04,2072-01-21,09:25,03:40,2015-05-04 09:25:00,2015-05-04 03:40:00,2015-05-04 09:25:00,UTC
B.S.: 2072-01-21A.D.: 2015-05-04,Local: 10:44UTC: 04:59,27.75,85.87,4.2,Sindhupalchok,2015-05-04,2072-01-21,10:44,04:59,2015-05-04 10:44:00,2015-05-04 04:59:00,2015-05-04 10:44:00,UTC
B.S.: 2072-01-21A.D.: 2015-05-04,Local: 11:47UTC: 06:02,27.74,86,4.2,Dolakha,2015-05-04,2072-01-21,11:47,06:02,2015-05-04 11:47:00,2015-05-04 06:02:00,2015-05-04 11:47:00,UTC
B.S.: 2072-01-21A.D.: 2015-05-04,Local: 12:45UTC: 07:00,27.69,85.99,4.3,Dolakha,2015-05-04,2072-01-21,12:45,07:00,2015-05-04 12:45:00,2015-05-04 07:00:00,2015-05-04 12:45:00,UTC
B.S.: 2072-01-21A.D.: 2015-05-04,Local: 15:39UTC: 09:54,27.97,85.21,4.2,Nuwakot,2015-05-04,2072-01-21,15:39,09:54,2015-05-04 15:39:00,2015-05-04 09:54:00,2015-05-04 15:39:00,UTC
B.S.: 2072-01-21A.D.: 2015-05-04,Local: 16:18UTC: 10:33,27.79,85.16,4,Nuwakot,2015-05-04,2072-01-21,16:18,10:33,2015-05-04 16:18:00,2015-05-04 10:33:00,2015-05-04 16:18:00,UTC
B.S.: 2072-01-21A.D.: 2015-05-04,Local: 16:21UTC: 10:36,27.8,85.16,4.1,Nuwakot,2015-05-04,2072-01-21,16:21,10:36,2015-05-04 16:21:00,2015-05-04 10:36:00,2015-05-04 16:21:00,UTC
B.S.: 2072-01-22A.D.: 2015-05-05,Local: 10:08UTC: 04:23,27.74,86.03,4.3,Sindhupalchok,2015-05-05,2072-01-22,10:08,04:23,2015-05-05 10:08:00,2015-05-05 04:23:00,2015-05-05 10:08:00,UTC
B.S.: 2072-01-22A.D.: 2015-05-05,Local: 10:45UTC: 05:00,27.96,86,4.2,Tibet,2015-05-05,2072-01-22,10:45,05:00,2015-05-05 10:45:00,2015-05-05 05:00:00,2015-05-05 10:45:00,UTC
B.S.: 2072-01-22A.D.: 2015-05-05,Local: 12:24UTC: 06:39,28.06,85.05,4,Dhading,2015-05-05,2072-01-22,12:24,06:39,2015-05-05 12:24:00,2015-05-05 06:39:00,2015-05-05 12:24:00,UTC
B.S.: 2072-01-23A.D.: 2015-05-06,Local: 11:47UTC: 06:02,28.01,84.68,4.2,Gorkha*,2015-05-06,2072-01-23,11:47,06:02,2015-05-06 11:47:00,2015-05-06 06:02:00,2015-05-06 11:47:00,UTC
B.S.: 2072-01-23A.D.: 2015-05-06,Local: 16:04UTC: 10:19,28.04,85.26,4,Rasuwa,2015-05-06,2072-01-23,16:04,10:19,2015-05-06 16:04:00,2015-05-06 10:19:00,2015-05-06 16:04:00,UTC
B.S.: 2072-01-24A.D.: 2015-05-07,Local: 09:26UTC: 03:41,27.75,85.19,4.2,Dhading,2015-05-07,2072-01-24,09:26,03:41,2015-05-07 09:26:00,2015-05-07 03:41:00,2015-05-07 09:26:00,UTC
B.S.: 2072-01-24A.D.: 2015-05-07,Local: 13:41UTC: 07:56,27.79,85.16,4,Nuwakot,2015-05-07,2072-01-24,13:41,07:56,2015-05-07 13:41:00,2015-05-07 07:56:00,2015-05-07 13:41:00,UTC
B.S.: 2072-01-24A.D.: 2015-05-07,Local: 16:00UTC: 10:15,27.92,85.46,4,Nuwakot,2015-05-07,2072-01-24,16:00,10:15,2015-05-07 16:00:00,2015-05-07 10:15:00,2015-05-07 16:00:00,UTC
B.S.: 2072-01-25A.D.: 2015-05-08,Local: 07:17UTC: 01:32,27.77,85.88,4.8,Sindhupalchok,2015-05-08,2072-01-25,07:17,01:32,2015-05-08 07:17:00,2015-05-08 01:32:00,2015-05-08 07:17:00,UTC
B.S.: 2072-01-25A.D.: 2015-05-08,Local: 08:04UTC: 02:19,27.94,85.58,4,Sindhupalchok,2015-05-08,2072-01-25,08:04,02:19,2015-05-08 08:04:00,2015-05-08 02:19:00,2015-05-08 08:04:00,UTC
B.S.: 2072-01-25A.D.: 2015-05-08,Local: 08:50UTC: 03:05,28.01,85.41,4.2,Nuwakot,2015-05-08,2072-01-25,08:50,03:05,2015-05-08 08:50:00,2015-05-08 03:05:00,2015-05-08 08:50:00,UTC
B.S.: 2072-01-25A.D.: 2015-05-08,Local: 12:02UTC: 06:17,27.69,86.04,5,Dolakha,2015-05-08,2072-01-25,12:02,06:17,2015-05-08 12:02:00,2015-05-08 06:17:00,2015-05-08 12:02:00,UTC
B.S.: 2072-01-25A.D.: 2015-05-08,Local: 14:04UTC: 08:19,27.75,85.91,4.2,Sindhupalchok,2015-05-08,2072-01-25,14:04,08:19,2015-05-08 14:04:00,2015-05-08 08:19:00,2015-05-08 14:04:00,UTC
B.S.: 2072-01-26A.D.: 2015-05-09,Local: 08:53UTC: 03:08,28.04,85.2,4.1,Rasuwa,2015-05-09,2072-01-26,08:53,03:08,2015-05-09 08:53:00,2015-05-09 03:08:00,2015-05-09 08:53:00,UTC
B.S.: 2072-01-27A.D.: 2015-05-10,Local: 07:35UTC: 01:50,28.04,85.96,4.2,Tibet,2015-05-10,2072-01-27,07:35,01:50,2015-05-10 07:35:00,2015-05-10 01:50:00,2015-05-10 07:35:00,UTC
B.S.: 2072-01-27A.D.: 2015-05-10,Local: 08:29UTC: 02:44,26.94,86.67,4,Udayapur,2015-05-10,2072-01-27,08:29,02:44,2015-05-10 08:29:00,2015-05-10 02:44:00,2015-05-10 08:29:00,UTC
B.S.: 2072-01-27A.D.: 2015-05-10,Local: 09:08UTC: 03:23,27.65,85.56,4.2,Kavrepalanchok,2015-05-10,2072-01-27,09:08,03:23,2015-05-10 09:08:00,2015-05-10 03:23:00,2015-05-10 09:08:00,UTC
B.S.: 2072-01-27A.D.: 2015-05-10,Local: 12:19UTC: 06:34,27.88,86,4.4,Sindhupalchok,2015-05-10,2072-01-27,12:19,06:34,2015-05-10 12:19:00,2015-05-10 06:34:00,2015-05-10 12:19:00,UTC
B.S.: 2072-01-27A.D.: 2015-05-10,Local: 16:53UTC: 11:08,28.02,85.25,4,Rasuwa,2015-05-10,2072-01-27,16:53,11:08,2015-05-10 16:53:00,2015-05-10 11:08:00,2015-05-10 16:53:00,UTC
B.S.: 2072-01-28A.D.: 2015-05-11,Local: 14:20UTC: 08:35,27.99,85.86,4.2,Sindhupalchok,2015-05-11,2072-01-28,14:20,08:35,2015-05-11 14:20:00,2015-05-11 08:35:00,2015-05-11 14:20:00,UTC
B.S.: 2072-01-28A.D.: 2015-05-11,Local: 17:39UTC: 11:54,27.91,85.75,4,Sindhupalchok,2015-05-11,2072-01-28,17:39,11:54,2015-05-11 17:39:00,2015-05-11 11:54:00,2015-05-11 17:39:00,UTC
B.S.: 2072-01-29A.D.: 2015-05-12,Local: 06:47UTC: 01:02,27.84,86.17,5.8,Dolakha,2015-05-12,2072-01-29,06:47,01:02,2015-05-12 06:47:00,2015-05-12 01:02:00,2015-05-12 06:47:00,UTC
B.S.: 2072-01-29A.D.: 2015-05-12,Local: 07:13UTC: 01:28,27.69,86.24,5,Dolakha,2015-05-12,2072-01-29,07:13,01:28,2015-05-12 07:13:00,2015-05-12 01:28:00,2015-05-12 07:13:00,UTC
B.S.: 2072-01-29A.D.: 2015-05-12,Local: 07:18UTC: 01:33,27.63,86.17,4.8,Dolakha,2015-05-12,2072-01-29,07:18,01:33,2015-05-12 07:18:00,2015-05-12 01:33:00,2015-05-12 07:18:00,UTC
B.S.: 2072-01-29A.D.: 2015-05-12,Local: 07:31UTC: 01:46,27.68,86.04,4.3,Dolakha,2015-05-12,2072-01-29,07:31,01:46,2015-05-12 07:31:00,2015-05-12 01:46:00,2015-05-12 07:31:00,UTC
B.S.: 2072-01-29A.D.: 2015-05-12,Local: 07:36UTC: 01:51,27.8,85.94,5.1,Sindhupalchok,2015-05-12,2072-01-29,07:36,01:51,2015-05-12 07:36:00,2015-05-12 01:51:00,2015-05-12 07:36:00,UTC
B.S.: 2072-01-29A.D.: 2015-05-12,Local: 07:43UTC: 01:58,27.8,85.83,5.3,Sindhupalchok,2015-05-12,2072-01-29,07:43,01:58,2015-05-12 07:43:00,2015-05-12 01:58:00,2015-05-12 07:43:00,UTC
B.S.: 2072-01-29A.D.: 2015-05-12,Local: 07:53UTC: 02:08,28.16,84.9,4.1,Gorkha,2015-05-12,2072-01-29,07:53,02:08,2015-05-12 07:53:00,2015-05-12 02:08:00,2015-05-12 07:53:00,UTC
B.S.: 2072-01-29A.D.: 2015-05-12,Local: 08:29UTC: 02:44,27.76,86.31,5.3,Dolakha,2015-05-12,2072-01-29,08:29,02:44,2015-05-12 08:29:00,2015-05-12 02:44:00,2015-05-12 08:29:00,UTC
B.S.: 2072-01-29A.D.: 2015-05-12,Local: 09:14UTC: 03:29,27.8,85.95,4.2,Sindhupalchok,2015-05-12,2072-01-29,09:14,03:29,2015-05-12 09:14:00,2015-05-12 03:29:00,2015-05-12 09:14:00,UTC
B.S.: 2072-01-29A.D.: 2015-05-12,Local: 09:34UTC: 03:49,27.68,86.03,4.4,Dolakha,2015-05-12,2072-01-29,09:34,03:49,2015-05-12 09:34:00,2015-05-12 03:49:00,2015-05-12 09:34:00,UTC
B.S.: 2072-01-29A.D.: 2015-05-12,Local: 09:45UTC: 04:00,27.57,86.29,4.8,Ramechhap,2015-05-12,2072-01-29,09:45,04:00,2015-05-12 09:45:00,2015-05-12 04:00:00,2015-05-12 09:45:00,UTC
B.S.: 2072-01-29A.D.: 2015-05-12,Local: 10:01UTC: 04:16,27.69,86.05,4.2,Dolakha*,2015-05-12,2072-01-29,10:01,04:16,2015-05-12 10:01:00,2015-05-12 04:16:00,2015-05-12 10:01:00,UTC
B.S.: 2072-01-29A.D.: 2015-05-12,Local: 10:05UTC: 04:20,27.73,86.11,5,Dolakha,2015-05-12,2072-01-29,10:05,04:20,2015-05-12 10:05:00,2015-05-12 04:20:00,2015-05-12 10:05:00,UTC
B.S.: 2072-01-29A.D.: 2015-05-12,Local: 10:11UTC: 04:26,27.76,86.24,4.4,Dolakha,2015-05-12,2072-01-29,10:11,04:26,2015-05-12 10:11:00,2015-05-12 04:26:00,2015-05-12 10:11:00,UTC
B.S.: 2072-01-29A.D.: 2015-05-12,Local: 10:36UTC: 04:51,27.62,86.16,4.7,Dolakha,2015-05-12,2072-01-29,10:36,04:51,2015-05-12 10:36:00,2015-05-12 04:51:00,2015-05-12 10:36:00,UTC
B.S.: 2072-01-29A.D.: 2015-05-12,Local: 10:51UTC: 05:06,27.72,86.2,4.6,Dolakha,2015-05-12,2072-01-29,10:51,05:06,2015-05-12 10:51:00,2015-05-12 05:06:00,2015-05-12 10:51:00,UTC
B.S.: 2072-01-29A.D.: 2015-05-12,Local: 11:28UTC: 05:43,27.71,86,4.3,Dolakha,2015-05-12,2072-01-29,11:28,05:43,2015-05-12 11:28:00,2015-05-12 05:43:00,2015-05-12 11:28:00,UTC
B.S.: 2072-01-29A.D.: 2015-05-12,Local: 11:58UTC: 06:13,27.7,86.04,4.7,Dolakha,2015-05-12,2072-01-29,11:58,06:13,2015-05-12 11:58:00,2015-05-12 06:13:00,2015-05-12 11:58:00,UTC
B.S.: 2072-01-29A.D.: 2015-05-12,Local: 12:32UTC: 06:47,27.89,85.88,4.4,Sindhupalchok,2015-05-12,2072-01-29,12:32,06:47,2015-05-12 12:32:00,2015-05-12 06:47:00,2015-05-12 12:32:00,UTC
B.S.: 2072-01-29A.D.: 2015-05-12,Local: 12:38UTC: 06:53,27.72,85.97,4,Dolakha,2015-05-12,2072-01-29,12:38,06:53,2015-05-12 12:38:00,2015-05-12 06:53:00,2015-05-12 12:38:00,UTC
B.S.: 2072-01-29A.D.: 2015-05-12,Local: 12:50UTC: 07:05,27.82,86.12,6.9,Dolakha,2015-05-12,2072-01-29,12:50,07:05,2015-05-12 12:50:00,2015-05-12 07:05:00,2015-05-12 12:50:00,UTC
B.S.: 2072-01-29A.D.: 2015-05-12,Local: 13:13UTC: 07:28,27.78,85.85,4.3,Sindhupalchok,2015-05-12,2072-01-29,13:13,07:28,2015-05-12 13:13:00,2015-05-12 07:28:00,2015-05-12 13:13:00,UTC
B.S.: 2072-01-29A.D.: 2015-05-12,Local: 13:21UTC: 07:36,27.73,86.21,6.2,Dolakha*,2015-05-12,2072-01-29,13:21,07:36,2015-05-12 13:21:00,2015-05-12 07:36:00,2015-05-12 13:21:00,UTC
B.S.: 2072-01-29A.D.: 2015-05-12,Local: 14:29UTC: 08:44,28.03,86.36,4.1,Tibet,2015-05-12,2072-01-29,14:29,08:44,2015-05-12 14:29:00,2015-05-12 08:44:00,2015-05-12 14:29:00,UTC
B.S.: 2072-01-29A.D.: 2015-05-12,Local: 14:58UTC: 09:13,27.97,86.45,4.1,Tibet,2015-05-12,2072-01-29,14:58,09:13,2015-05-12 14:58:00,2015-05-12 09:13:00,2015-05-12 14:58:00,UTC
B.S.: 2072-01-29A.D.: 2015-05-12,Local: 16:02UTC: 10:17,27.68,86.04,4.2,Dolakha,2015-05-12,2072-01-29,16:02,10:17,2015-05-12 16:02:00,2015-05-12 10:17:00,2015-05-12 16:02:00,UTC
B.S.: 2072-01-29A.D.: 2015-05-12,Local: 16:58UTC: 11:13,27.58,86.41,4.3,Solukhumbu,2015-05-12,2072-01-29,16:58,11:13,2015-05-12 16:58:00,2015-05-12 11:13:00,2015-05-12 16:58:00,UTC
B.S.: 2072-01-29A.D.: 2015-05-12,Local: 17:52UTC: 12:07,28.1,84.91,4,Dhading,2015-05-12,2072-01-29,17:52,12:07,2015-05-12 17:52:00,2015-05-12 12:07:00,2015-05-12 17:52:00,UTC
B.S.: 2072-01-29A.D.: 2015-05-12,Local: 19:51UTC: 14:06,27.66,86.17,5.2,Dolakha,2015-05-12,2072-01-29,19:51,14:06,2015-05-12 19:51:00,2015-05-12 14:06:00,2015-05-12 19:51:00,UTC
B.S.: 2072-01-29A.D.: 2015-05-12,Local: 19:54UTC: 14:09,27.79,86.11,5,Dolakha,2015-05-12,2072-01-29,19:54,14:09,2015-05-12 19:54:00,2015-05-12 14:09:00,2015-05-12 19:54:00,UTC
B.S.: 2072-01-29A.D.: 2015-05-12,Local: 20:04UTC: 14:19,27.88,85.94,4.8,Sindhupalchok,2015-05-12,2072-01-29,20:04,14:19,2015-05-12 20:04:00,2015-05-12 14:19:00,2015-05-12 20:04:00,UTC
B.S.: 2072-01-29A.D.: 2015-05-12,Local: 20:05UTC: 14:20,27.68,86.23,4.7,Dolakha,2015-05-12,2072-01-29,20:05,14:20,2015-05-12 20:05:00,2015-05-12 14:20:00,2015-05-12 20:05:00,UTC
B.S.: 2072-01-29A.D.: 2015-05-12,Local: 20:09UTC: 14:24,27.69,86.21,4.7,Dolakha,2015-05-12,2072-01-29,20:09,14:24,2015-05-12 20:09:00,2015-05-12 14:24:00,2015-05-12 20:09:00,UTC
B.S.: 2072-01-29A.D.: 2015-05-12,Local: 20:32UTC: 14:47,27.8,86.12,4.7,Dolakha,2015-05-12,2072-01-29,20:32,14:47,2015-05-12 20:32:00,2015-05-12 14:47:00,2015-05-12 20:32:00,UTC
B.S.: 2072-01-29A.D.: 2015-05-12,Local: 23:27UTC: 17:42,27.84,86.23,4.4,Dolakha,2015-05-12,2072-01-29,23:27,17:42,2015-05-12 23:27:00,2015-05-12 17:42:00,2015-05-12 23:27:00,UTC
B.S.: 2072-01-30A.D.: 2015-05-13,Local: 07:52UTC: 02:07,27.68,85.3,4.2,Kathmandu,2015-05-13,2072-01-30,07:52,02:07,2015-05-13 07:52:00,2015-05-13 02:07:00,2015-05-13 07:52:00,UTC
B.S.: 2072-01-30A.D.: 2015-05-13,Local: 08:15UTC: 02:30,27.6,86.16,4.3,Dolakha,2015-05-13,2072-01-30,08:15,02:30,2015-05-13 08:15:00,2015-05-13 02:30:00,2015-05-13 08:15:00,UTC
B.S.: 2072-01-30A.D.: 2015-05-13,Local: 08:55UTC: 03:10,27.91,84.82,5.9,Dhading,2015-05-13,2072-01-30,08:55,03:10,2015-05-13 08:55:00,2015-05-13 03:10:00,2015-05-13 08:55:00,UTC
B.S.: 2072-01-30A.D.: 2015-05-13,Local: 09:22UTC: 03:37,27.85,86.29,4,Dolakha,2015-05-13,2072-01-30,09:22,03:37,2015-05-13 09:22:00,2015-05-13 03:37:00,2015-05-13 09:22:00,UTC
B.S.: 2072-01-30A.D.: 2015-05-13,Local: 09:27UTC: 03:42,27.85,85.92,4.2,Sindhupalchok,2015-05-13,2072-01-30,09:27,03:42,2015-05-13 09:27:00,2015-05-13 03:42:00,2015-05-13 09:27:00,UTC
B.S.: 2072-01-30A.D.: 2015-05-13,Local: 10:23UTC: 04:38,27.82,86.47,4.3,Dolakha,2015-05-13,2072-01-30,10:23,04:38,2015-05-13 10:23:00,2015-05-13 04:38:00,2015-05-13 10:23:00,UTC
B.S.: 2072-01-30A.D.: 2015-05-13,Local: 10:29UTC: 04:44,27.63,86.17,4.5,Dolakha,2015-05-13,2072-01-30,10:29,04:44,2015-05-13 10:29:00,2015-05-13 04:44:00,2015-05-13 10:29:00,UTC
B.S.: 2072-01-30A.D.: 2015-05-13,Local: 13:53UTC: 08:08,27.65,86.18,4.4,Dolakha,2015-05-13,2072-01-30,13:53,08:08,2015-05-13 13:53:00,2015-05-13 08:08:00,2015-05-13 13:53:00,UTC
B.S.: 2072-01-30A.D.: 2015-05-13,Local: 14:13UTC: 08:28,27.75,86.25,4.4,Dolakha,2015-05-13,2072-01-30,14:13,08:28,2015-05-13 14:13:00,2015-05-13 08:28:00,2015-05-13 14:13:00,UTC
B.S.: 2072-01-30A.D.: 2015-05-13,Local: 15:06UTC: 09:21,27.64,85.7,4,Kavrepalanchok,2015-05-13,2072-01-30,15:06,09:21,2015-05-13 15:06:00,2015-05-13 09:21:00,2015-05-13 15:06:00,UTC
B.S.: 2072-01-30A.D.: 2015-05-13,Local: 15:21UTC: 09:36,27.7,86.15,4.1,Dolakha,2015-05-13,2072-01-30,15:21,09:36,2015-05-13 15:21:00,2015-05-13 09:36:00,2015-05-13 15:21:00,UTC
B.S.: 2072-01-30A.D.: 2015-05-13,Local: 16:18UTC: 10:33,27.79,86.19,4.6,Dolakha,2015-05-13,2072-01-30,16:18,10:33,2015-05-13 16:18:00,2015-05-13 10:33:00,2015-05-13 16:18:00,UTC
B.S.: 2072-01-30A.D.: 2015-05-13,Local: 17:56UTC: 12:11,27.69,86.11,4.7,Dolakha,2015-05-13,2072-01-30,17:56,12:11,2015-05-13 17:56:00,2015-05-13 12:11:00,2015-05-13 17:56:00,UTC
B.S.: 2072-01-30A.D.: 2015-05-13,Local: 18:07UTC: 12:22,27.79,86.07,4.8,Dolakha,2015-05-13,2072-01-30,18:07,12:22,2015-05-13 18:07:00,2015-05-13 12:22:00,2015-05-13 18:07:00,UTC
B.S.: 2072-01-30A.D.: 2015-05-13,Local: 18:19UTC: 12:34,27.84,86.25,4.6,Dolakha*,2015-05-13,2072-01-30,18:19,12:34,2015-05-13 18:19:00,2015-05-13 12:34:00,2015-05-13 18:19:00,UTC
B.S.: 2072-01-30A.D.: 2015-05-13,Local: 18:23UTC: 12:38,27.68,86.17,5.1,Dolakha,2015-05-13,2072-01-30,18:23,12:38,2015-05-13 18:23:00,2015-05-13 12:38:00,2015-05-13 18:23:00,UTC
B.S.: 2072-01-31A.D.: 2015-05-14,Local: 08:58UTC: 03:13,27.66,86.07,4.1,Dolakha,2015-05-14,2072-01-31,08:58,03:13,2015-05-14 08:58:00,2015-05-14 03:13:00,2015-05-14 08:58:00,UTC
B.S.: 2072-01-31A.D.: 2015-05-14,Local: 09:05UTC: 03:20,27.62,86.09,4.2,Dolakha,2015-05-14,2072-01-31,09:05,03:20,2015-05-14 09:05:00,2015-05-14 03:20:00,2015-05-14 09:05:00,UTC
B.S.: 2072-01-31A.D.: 2015-05-14,Local: 09:08UTC: 03:23,27.67,86.08,5,Dolakha,2015-05-14,2072-01-31,09:08,03:23,2015-05-14 09:08:00,2015-05-14 03:23:00,2015-05-14 09:08:00,UTC
B.S.: 2072-01-31A.D.: 2015-05-14,Local: 13:28UTC: 07:43,27.75,86.14,4,Dolakha,2015-05-14,2072-01-31,13:28,07:43,2015-05-14 13:28:00,2015-05-14 07:43:00,2015-05-14 13:28:00,UTC
B.S.: 2072-01-31A.D.: 2015-05-14,Local: 14:06UTC: 08:21,28.06,85.35,4.5,Rasuwa,2015-05-14,2072-01-31,14:06,08:21,2015-05-14 14:06:00,2015-05-14 08:21:00,2015-05-14 14:06:00,UTC
B.S.: 2072-01-31A.D.: 2015-05-14,Local: 14:35UTC: 08:50,27.71,86.04,4,Dolakha,2015-05-14,2072-01-31,14:35,08:50,2015-05-14 14:35:00,2015-05-14 08:50:00,2015-05-14 14:35:00,UTC
B.S.: 2072-01-31A.D.: 2015-05-14,Local: 14:37UTC: 08:52,27.8,85.82,4,Sindhupalchok,2015-05-14,2072-01-31,14:37,08:52,2015-05-14 14:37:00,2015-05-14 08:52:00,2015-05-14 14:37:00,UTC
B.S.: 2072-01-31A.D.: 2015-05-14,Local: 14:51UTC: 09:06,27.83,86.15,4.5,Dolakha,2015-05-14,2072-01-31,14:51,09:06,2015-05-14 14:51:00,2015-05-14 09:06:00,2015-05-14 14:51:00,UTC
B.S.: 2072-01-31A.D.: 2015-05-14,Local: 15:25UTC: 09:40,27.84,85.84,4,Sindhupalchok,2015-05-14,2072-01-31,15:25,09:40,2015-05-14 15:25:00,2015-05-14 09:40:00,2015-05-14 15:25:00,UTC
B.S.: 2072-01-31A.D.: 2015-05-14,Local: 18:01UTC: 12:16,27.92,86.31,4.3,Dolakha,2015-05-14,2072-01-31,18:01,12:16,2015-05-14 18:01:00,2015-05-14 12:16:00,2015-05-14 18:01:00,UTC
B.S.: 2072-02-01A.D.: 2015-05-15,Local: 08:54UTC: 03:09,27.61,86.2,4.5,Dolakha,2015-05-15,2072-02-01,08:54,03:09,2015-05-15 08:54:00,2015-05-15 03:09:00,2015-05-15 08:54:00,UTC
B.S.: 2072-02-01A.D.: 2015-05-15,Local: 09:23UTC: 03:38,27.63,86.25,4.1,Dolakha,2015-05-15,2072-02-01,09:23,03:38,2015-05-15 09:23:00,2015-05-15 03:38:00,2015-05-15 09:23:00,UTC
B.S.: 2072-02-01A.D.: 2015-05-15,Local: 09:51UTC: 04:06,27.69,86.08,4.3,Dolakha,2015-05-15,2072-02-01,09:51,04:06,2015-05-15 09:51:00,2015-05-15 04:06:00,2015-05-15 09:51:00,UTC
B.S.: 2072-02-01A.D.: 2015-05-15,Local: 13:12UTC: 07:27,27.93,84.84,5.5,Dhading,2015-05-15,2072-02-01,13:12,07:27,2015-05-15 13:12:00,2015-05-15 07:27:00,2015-05-15 13:12:00,UTC
B.S.: 2072-02-01A.D.: 2015-05-15,Local: 16:36UTC: 10:51,27.92,84.84,4,Dhading,2015-05-15,2072-02-01,16:36,10:51,2015-05-15 16:36:00,2015-05-15 10:51:00,2015-05-15 16:36:00,UTC
B.S.: 2072-02-01A.D.: 2015-05-15,Local: 16:43UTC: 10:58,27.74,86.17,4,Dolakha*,2015-05-15,2072-02-01,16:43,10:58,2015-05-15 16:43:00,2015-05-15 10:58:00,2015-05-15 16:43:00,UTC
B.S.: 2072-02-02A.D.: 2015-05-16,Local: 08:00UTC: 02:15,28.07,84.7,4,Gorkha,2015-05-16,2072-02-02,08:00,02:15,2015-05-16 08:00:00,2015-05-16 02:15:00,2015-05-16 08:00:00,UTC
B.S.: 2072-02-02A.D.: 2015-05-16,Local: 10:13UTC: 04:28,28.07,84.7,4.1,Dolakha,2015-05-16,2072-02-02,10:13,04:28,2015-05-16 10:13:00,2015-05-16 04:28:00,2015-05-16 10:13:00,UTC
B.S.: 2072-02-02A.D.: 2015-05-16,Local: 10:23UTC: 04:38,27.66,86.09,4.1,Dolakha,2015-05-16,2072-02-02,10:23,04:38,2015-05-16 10:23:00,2015-05-16 04:38:00,2015-05-16 10:23:00,UTC
B.S.: 2072-02-02A.D.: 2015-05-16,Local: 11:04UTC: 05:19,27.6,86.26,5.5,Dolakha,2015-05-16,2072-02-02,11:04,05:19,2015-05-16 11:04:00,2015-05-16 05:19:00,2015-05-16 11:04:00,UTC
B.S.: 2072-02-02A.D.: 2015-05-16,Local: 11:56UTC: 06:11,27.97,85.48,4,Nuwakot,2015-05-16,2072-02-02,11:56,06:11,2015-05-16 11:56:00,2015-05-16 06:11:00,2015-05-16 11:56:00,UTC
B.S.: 2072-02-02A.D.: 2015-05-16,Local: 12:16UTC: 06:31,28.13,84.89,4,Gorkha,2015-05-16,2072-02-02,12:16,06:31,2015-05-16 12:16:00,2015-05-16 06:31:00,2015-05-16 12:16:00,UTC
B.S.: 2072-02-02A.D.: 2015-05-16,Local: 14:29UTC: 08:44,27.64,86.14,4.3,Dolakha,2015-05-16,2072-02-02,14:29,08:44,2015-05-16 14:29:00,2015-05-16 08:44:00,2015-05-16 14:29:00,UTC
B.S.: 2072-02-02A.D.: 2015-05-16,Local: 15:09UTC: 09:24,27.7,85.85,4.2,Sindhupalchok,2015-05-16,2072-02-02,15:09,09:24,2015-05-16 15:09:00,2015-05-16 09:24:00,2015-05-16 15:09:00,UTC
B.S.: 2072-02-02A.D.: 2015-05-16,Local: 15:20UTC: 09:35,27.45,85.31,4.2,Lalitpur,2015-05-16,2072-02-02,15:20,09:35,2015-05-16 15:20:00,2015-05-16 09:35:00,2015-05-16 15:20:00,UTC
B.S.: 2072-02-03A.D.: 2015-05-17,Local: 10:45UTC: 05:00,27.73,86.06,4.4,Dolakha,2015-05-17,2072-02-03,10:45,05:00,2015-05-17 10:45:00,2015-05-17 05:00:00,2015-05-17 10:45:00,UTC
B.S.: 2072-02-03A.D.: 2015-05-17,Local: 14:25UTC: 08:40,27.84,86.24,4.4,Dolakha,2015-05-17,2072-02-03,14:25,08:40,2015-05-17 14:25:00,2015-05-17 08:40:00,2015-05-17 14:25:00,UTC
B.S.: 2072-02-03A.D.: 2015-05-17,Local: 17:15UTC: 11:30,27.48,85.87,4.6,Ramechhap,2015-05-17,2072-02-03,17:15,11:30,2015-05-17 17:15:00,2015-05-17 11:30:00,2015-05-17 17:15:00,UTC
B.S.: 2072-02-04A.D.: 2015-05-18,Local: 14:56UTC: 09:11,27.71,86.07,4.2,Dolakha,2015-05-18,2072-02-04,14:56,09:11,2015-05-18 14:56:00,2015-05-18 09:11:00,2015-05-18 14:56:00,UTC
B.S.: 2072-02-04A.D.: 2015-05-18,Local: 17:09UTC: 11:24,27.69,86.26,4,Dolakha,2015-05-18,2072-02-04,17:09,11:24,2015-05-18 17:09:00,2015-05-18 11:24:00,2015-05-18 17:09:00,UTC
B.S.: 2072-02-05A.D.: 2015-05-19,Local: 10:19UTC: 04:34,27.66,86.03,4.3,Dolakha*,2015-05-19,2072-02-05,10:19,04:34,2015-05-19 10:19:00,2015-05-19 04:34:00,2015-05-19 10:19:00,UTC
B.S.: 2072-02-05A.D.: 2015-05-19,Local: 10:29UTC: 04:44,27.92,86.04,4.2,Sindhupalchok/Tibet,2015-05-19,2072-02-05,10:29,04:44,2015-05-19 10:29:00,2015-05-19 04:44:00,2015-05-19 10:29:00,UTC
B.S.: 2072-02-05A.D.: 2015-05-19,Local: 17:14UTC: 11:29,27.9,85.99,4,Sindhupalchok,2015-05-19,2072-02-05,17:14,11:29,2015-05-19 17:14:00,2015-05-19 11:29:00,2015-05-19 17:14:00,UTC
B.S.: 2072-02-06A.D.: 2015-05-20,Local: 08:32UTC: 02:47,27.52,85.26,4.4,Lalitpur,2015-05-20,2072-02-06,08:32,02:47,2015-05-20 08:32:00,2015-05-20 02:47:00,2015-05-20 08:32:00,UTC
B.S.: 2072-02-06A.D.: 2015-05-20,Local: 16:55UTC: 11:10,27.84,86.33,4.2,Dolakha,2015-05-20,2072-02-06,16:55,11:10,2015-05-20 16:55:00,2015-05-20 11:10:00,2015-05-20 16:55:00,UTC
B.S.: 2072-02-07A.D.: 2015-05-21,Local: 07:56UTC: 02:11,27.85,86.32,4.2,Dolakha,2015-05-21,2072-02-07,07:56,02:11,2015-05-21 07:56:00,2015-05-21 02:11:00,2015-05-21 07:56:00,UTC
B.S.: 2072-02-07A.D.: 2015-05-21,Local: 13:15UTC: 07:30,28.02,84.98,4,Dhading,2015-05-21,2072-02-07,13:15,07:30,2015-05-21 13:15:00,2015-05-21 07:30:00,2015-05-21 13:15:00,UTC
B.S.: 2072-02-07A.D.: 2015-05-21,Local: 20:41UTC: 14:56,27.93,85.46,4,Nuwakot,2015-05-21,2072-02-07,20:41,14:56,2015-05-21 20:41:00,2015-05-21 14:56:00,2015-05-21 20:41:00,UTC
B.S.: 2072-02-08A.D.: 2015-05-22,Local: 08:30UTC: 02:45,27.79,85.14,4.2,Nuwakot,2015-05-22,2072-02-08,08:30,02:45,2015-05-22 08:30:00,2015-05-22 02:45:00,2015-05-22 08:30:00,UTC
B.S.: 2072-02-08A.D.: 2015-05-22,Local: 10:29UTC: 04:44,28.05,85.08,4.8,Nuwakot,2015-05-22,2072-02-08,10:29,04:44,2015-05-22 10:29:00,2015-05-22 04:44:00,2015-05-22 10:29:00,UTC
B.S.: 2072-02-08A.D.: 2015-05-22,Local: 11:15UTC: 05:30,27.63,86.25,4.1,Dolakha,2015-05-22,2072-02-08,11:15,05:30,2015-05-22 11:15:00,2015-05-22 05:30:00,2015-05-22 11:15:00,UTC
B.S.: 2072-02-08A.D.: 2015-05-22,Local: 12:34UTC: 06:49,27.78,85.93,4,Sindhupalchok,2015-05-22,2072-02-08,12:34,06:49,2015-05-22 12:34:00,2015-05-22 06:49:00,2015-05-22 12:34:00,UTC
B.S.: 2072-02-08A.D.: 2015-05-22,Local: 12:52UTC: 07:07,30.31,81.47,4.8,Humla,2015-05-22,2072-02-08,12:52,07:07,2015-05-22 12:52:00,2015-05-22 07:07:00,2015-05-22 12:52:00,UTC
B.S.: 2072-02-08A.D.: 2015-05-22,Local: 14:29UTC: 08:44,27.69,86.16,4.2,Dolakha,2015-05-22,2072-02-08,14:29,08:44,2015-05-22 14:29:00,2015-05-22 08:44:00,2015-05-22 14:29:00,UTC
B.S.: 2072-02-09A.D.: 2015-05-23,Local: 06:59UTC: 01:14,27.74,86.2,4.2,Dolakha,2015-05-23,2072-02-09,06:59,01:14,2015-05-23 06:59:00,2015-05-23 01:14:00,2015-05-23 06:59:00,UTC
B.S.: 2072-02-09A.D.: 2015-05-23,Local: 16:11UTC: 10:26,27.9,85.51,4.4,Sindhupalchok,2015-05-23,2072-02-09,16:11,10:26,2015-05-23 16:11:00,2015-05-23 10:26:00,2015-05-23 16:11:00,UTC
B.S.: 2072-02-10A.D.: 2015-05-24,Local: 12:51UTC: 07:06,27.67,86.18,4.2,Dolakha*,2015-05-24,2072-02-10,12:51,07:06,2015-05-24 12:51:00,2015-05-24 07:06:00,2015-05-24 12:51:00,UTC
B.S.: 2072-02-10A.D.: 2015-05-24,Local: 16:23UTC: 10:38,27.76,86.28,4.4,Dolakha,2015-05-24,2072-02-10,16:23,10:38,2015-05-24 16:23:00,2015-05-24 10:38:00,2015-05-24 16:23:00,UTC
B.S.: 2072-02-10A.D.: 2015-05-24,Local: 17:00UTC: 11:15,27.76,86.26,4.3,Dolakha,2015-05-24,2072-02-10,17:00,11:15,2015-05-24 17:00:00,2015-05-24 11:15:00,2015-05-24 17:00:00,UTC
B.S.: 2072-02-10A.D.: 2015-05-24,Local: 17:31UTC: 11:46,27.84,86,4.2,Sindhupalchok,2015-05-24,2072-02-10,17:31,11:46,2015-05-24 17:31:00,2015-05-24 11:46:00,2015-05-24 17:31:00,UTC
B.S.: 2072-02-10A.D.: 2015-05-24,Local: 18:40UTC: 12:55,27.8,86.29,4.4,Dolakha,2015-05-24,2072-02-10,18:40,12:55,2015-05-24 18:40:00,2015-05-24 12:55:00,2015-05-24 18:40:00,UTC
B.S.: 2072-02-11A.D.: 2015-05-25,Local: 09:08UTC: 03:23,28.01,84.68,5,Gorkha,2015-05-25,2072-02-11,09:08,03:23,2015-05-25 09:08:00,2015-05-25 03:23:00,2015-05-25 09:08:00,UTC
B.S.: 2072-02-11A.D.: 2015-05-25,Local: 16:45UTC: 11:00,27.71,86.07,4.1,Dolakha,2015-05-25,2072-02-11,16:45,11:00,2015-05-25 16:45:00,2015-05-25 11:00:00,2015-05-25 16:45:00,UTC
B.S.: 2072-02-11A.D.: 2015-05-25,Local: 04:01UTC: 22:16,27.74,86.19,4,Dolakha,2015-05-25,2072-02-11,04:01,22:16,2015-05-25 04:01:00,2015-05-25 22:16:00,2015-05-26 04:01:00,UTC
B.S.: 2072-02-12A.D.: 2015-05-26,Local: 07:56UTC: 02:11,27.84,86.24,4.3,Dolakha,2015-05-26,2072-02-12,07:56,02:11,2015-05-26 07:56:00,2015-05-26 02:11:00,2015-05-26 07:56:00,UTC
B.S.: 2072-02-12A.D.: 2015-05-26,Local: 11:33UTC: 05:48,27.63,86.3,4.1,Dolakha,2015-05-26,2072-02-12,11:33,05:48,2015-05-26 11:33:00,2015-05-26 05:48:00,2015-05-26 11:33:00,UTC
B.S.: 2072-02-12A.D.: 2015-05-26,Local: 12:24UTC: 06:39,27.71,86.05,4.1,Dolakha,2015-05-26,2072-02-12,12:24,06:39,2015-05-26 12:24:00,2015-05-26 06:39:00,2015-05-26 12:24:00,UTC
B.S.: 2072-02-12A.D.: 2015-05-26,Local: 13:45UTC: 08:00,27.54,85.43,4.3,Lalitpur,2015-05-26,2072-02-12,13:45,08:00,2015-05-26 13:45:00,2015-05-26 08:00:00,2015-05-26 13:45:00,UTC
B.S.: 2072-02-12A.D.: 2015-05-26,Local: 16:37UTC: 10:52,28.02,85.26,5,Rasuwa,2015-05-26,2072-02-12,16:37,10:52,2015-05-26 16:37:00,2015-05-26 10:52:00,2015-05-26 16:37:00,UTC
B.S.: 2072-02-13A.D.: 2015-05-27,Local: 07:00UTC: 01:15,27.91,85.53,4.5,Sindhupalchok,2015-05-27,2072-02-13,07:00,01:15,2015-05-27 07:00:00,2015-05-27 01:15:00,2015-05-27 07:00:00,UTC
B.S.: 2072-02-13A.D.: 2015-05-27,Local: 07:01UTC: 01:16,27.89,85.53,4.6,Sindhupalchok,2015-05-27,2072-02-13,07:01,01:16,2015-05-27 07:01:00,2015-05-27 01:16:00,2015-05-27 07:01:00,UTC
B.S.: 2072-02-13A.D.: 2015-05-27,Local: 16:14UTC: 10:29,28.04,85.13,4.2,Nuwakot,2015-05-27,2072-02-13,16:14,10:29,2015-05-27 16:14:00,2015-05-27 10:29:00,2015-05-27 16:14:00,UTC
B.S.: 2072-02-13A.D.: 2015-05-27,Local: 17:48UTC: 12:03,27.59,86.2,4.2,Dolakha,2015-05-27,2072-02-13,17:48,12:03,2015-05-27 17:48:00,2015-05-27 12:03:00,2015-05-27 17:48:00,UTC
B.S.: 2072-02-14A.D.: 2015-05-28,Local: 08:52UTC: 03:07,27.99,84.79,4,Dhading,2015-05-28,2072-02-14,08:52,03:07,2015-05-28 08:52:00,2015-05-28 03:07:00,2015-05-28 08:52:00,UTC
B.S.: 2072-02-14A.D.: 2015-05-28,Local: 09:25UTC: 03:40,27.95,84.8,4,Dhading,2015-05-28,2072-02-14,09:25,03:40,2015-05-28 09:25:00,2015-05-28 03:40:00,2015-05-28 09:25:00,UTC
B.S.: 2072-02-14A.D.: 2015-05-28,Local: 10:57UTC: 05:12,27.64,85.31,4,Lalitpur,2015-05-28,2072-02-14,10:57,05:12,2015-05-28 10:57:00,2015-05-28 05:12:00,2015-05-28 10:57:00,UTC
B.S.: 2072-02-14A.D.: 2015-05-28,Local: 11:14UTC: 05:29,27.77,86.25,4.2,Dolakha,2015-05-28,2072-02-14,11:14,05:29,2015-05-28 11:14:00,2015-05-28 05:29:00,2015-05-28 11:14:00,UTC
B.S.: 2072-02-14A.D.: 2015-05-28,Local: 16:01UTC: 10:16,27.94,85.54,4,Sindhupalchok,2015-05-28,2072-02-14,16:01,10:16,2015-05-28 16:01:00,2015-05-28 10:16:00,2015-05-28 16:01:00,UTC
B.S.: 2072-02-14A.D.: 2015-05-28,Local: 17:21UTC: 11:36,27.59,86.19,4.2,Dolakha,2015-05-28,2072-02-14,17:21,11:36,2015-05-28 17:21:00,2015-05-28 11:36:00,2015-05-28 17:21:00,UTC
B.S.: 2072-02-14A.D.: 2015-05-28,Local: 17:59UTC: 12:14,27.59,86.16,4.1,Dolakha,2015-05-28,2072-02-14,17:59,12:14,2015-05-28 17:59:00,2015-05-28 12:14:00,2015-05-28 17:59:00,UTC
B.S.: 2072-02-15A.D.: 2015-05-29,Local: 09:29UTC: 03:44,28,84.98,5.2,Dhading*,2015-05-29,2072-02-15,09:29,03:44,2015-05-29 09:29:00,2015-05-29 03:44:00,2015-05-29 09:29:00,UTC
B.S.: 2072-02-15A.D.: 2015-05-29,Local: 11:05UTC: 05:20,28.07,84.94,4.2,Dhading,2015-05-29,2072-02-15,11:05,05:20,2015-05-29 11:05:00,2015-05-29 05:20:00,2015-05-29 11:05:00,UTC
B.S.: 2072-02-15A.D.: 2015-05-29,Local: 14:15UTC: 08:30,28.17,84.72,4,Gorkha,2015-05-29,2072-02-15,14:15,08:30,2015-05-29 14:15:00,2015-05-29 08:30:00,2015-05-29 14:15:00,UTC
B.S.: 2072-02-15A.D.: 2015-05-29,Local: 18:15UTC: 12:30,28.01,84.84,4.8,Dhading,2015-05-29,2072-02-15,18:15,12:30,2015-05-29 18:15:00,2015-05-29 12:30:00,2015-05-29 18:15:00,UTC
B.S.: 2072-02-15A.D.: 2015-05-29,Local: 18:22UTC: 12:37,27.82,86.34,4.2,Dolakha,2015-05-29,2072-02-15,18:22,12:37,2015-05-29 18:22:00,2015-05-29 12:37:00,2015-05-29 18:22:00,UTC
B.S.: 2072-02-16A.D.: 2015-05-30,Local: 07:37UTC: 01:52,27.75,85.21,4,Dhading,2015-05-30,2072-02-16,07:37,01:52,2015-05-30 07:37:00,2015-05-30 01:52:00,2015-05-30 07:37:00,UTC
B.S.: 2072-02-16A.D.: 2015-05-30,Local: 15:58UTC: 10:13,27.79,85.17,4.5,Nuwakot,2015-05-30,2072-02-16,15:58,10:13,2015-05-30 15:58:00,2015-05-30 10:13:00,2015-05-30 15:58:00,UTC
B.S.: 2072-02-16A.D.: 2015-05-30,Local: 02:20UTC: 20:35,28.01,85.19,4,Rasuwa,2015-05-30,2072-02-16,02:20,20:35,2015-05-30 02:20:00,2015-05-30 20:35:00,2015-05-31 02:20:00,UTC
B.S.: 2072-02-17A.D.: 2015-05-31,Local: 07:39UTC: 01:54,28.29,84.46,4.2,Lamjung,2015-05-31,2072-02-17,07:39,01:54,2015-05-31 07:39:00,2015-05-31 01:54:00,2015-05-31 07:39:00,UTC
B.S.: 2072-02-18A.D.: 2015-06-01,Local: 04:35UTC: 22:50,27.98,85.51,4,Sindhupalchok,2015-06-01,2072-02-18,04:35,22:50,2015-06-01 04:35:00,2015-06-01 22:50:00,2015-06-02 04:35:00,UTC
B.S.: 2072-02-19A.D.: 2015-06-02,Local: 10:48UTC: 05:03,27.78,86.2,4,Dolakha,2015-06-02,2072-02-19,10:48,05:03,2015-06-02 10:48:00,2015-06-02 05:03:00,2015-06-02 10:48:00,UTC
B.S.: 2072-02-19A.D.: 2015-06-02,Local: 14:18UTC: 08:33,30,81.75,4.7,Humla,2015-06-02,2072-02-19,14:18,08:33,2015-06-02 14:18:00,2015-06-02 08:33:00,2015-06-02 14:18:00,UTC
B.S.: 2072-02-20A.D.: 2015-06-03,Local: 13:37UTC: 07:52,27.79,85.87,4.5,Sindhupalchok,2015-06-03,2072-02-20,13:37,07:52,2015-06-03 13:37:00,2015-06-03 07:52:00,2015-06-03 13:37:00,UTC
B.S.: 2072-02-20A.D.: 2015-06-03,Local: 14:39UTC: 08:54,27.76,86.07,4.2,Dolakha,2015-06-03,2072-02-20,14:39,08:54,2015-06-03 14:39:00,2015-06-03 08:54:00,2015-06-03 14:39:00,UTC
B.S.: 2072-02-20A.D.: 2015-06-03,Local: 17:38UTC: 11:53,27.7,86.26,4.5,Dolakha,2015-06-03,2072-02-20,17:38,11:53,2015-06-03 17:38:00,2015-06-03 11:53:00,2015-06-03 17:38:00,UTC
B.S.: 2072-02-20A.D.: 2015-06-03,Local: 02:45UTC: 21:00,27.84,85.78,4.1,Sindhupalchok,2015-06-03,2072-02-20,02:45,21:00,2015-06-03 02:45:00,2015-06-03 21:00:00,2015-06-04 02:45:00,UTC
B.S.: 2072-02-21A.D.: 2015-06-04,Local: 16:15UTC: 10:30,27.76,86.2,4,Dolakha,2015-06-04,2072-02-21,16:15,10:30,2015-06-04 16:15:00,2015-06-04 10:30:00,2015-06-04 16:15:00,UTC
B.S.: 2072-02-22A.D.: 2015-06-05,Local: 10:02UTC: 04:17,27.79,85.78,4.1,Sindhupalchok,2015-06-05,2072-02-22,10:02,04:17,2015-06-05 10:02:00,2015-06-05 04:17:00,2015-06-05 10:02:00,UTC
B.S.: 2072-02-22A.D.: 2015-06-05,Local: 14:16UTC: 08:31,27.7,85.22,4,Kathmandu,2015-06-05,2072-02-22,14:16,08:31,2015-06-05 14:16:00,2015-06-05 08:31:00,2015-06-05 14:16:00,UTC
B.S.: 2072-02-23A.D.: 2015-06-06,Local: 22:45UTC: 17:00,27.58,86.18,4,Dolakha*,2015-06-06,2072-02-23,22:45,17:00,2015-06-06 22:45:00,2015-06-06 17:00:00,2015-06-06 22:45:00,UTC
B.S.: 2072-02-23A.D.: 2015-06-06,Local: 02:33UTC: 20:48,28.26,85.86,4.2,Tibet,2015-06-06,2072-02-23,02:33,20:48,2015-06-06 02:33:00,2015-06-06 20:48:00,2015-06-07 02:33:00,UTC
B.S.: 2072-02-24A.D.: 2015-06-07,Local: 11:02UTC: 05:17,27.9,85.64,4.6,Sindhupalchok,2015-06-07,2072-02-24,11:02,05:17,2015-06-07 11:02:00,2015-06-07 05:17:00,2015-06-07 11:02:00,UTC
B.S.: 2072-02-24A.D.: 2015-06-07,Local: 22:35UTC: 16:50,27.87,86.13,4.1,Dolakha,2015-06-07,2072-02-24,22:35,16:50,2015-06-07 22:35:00,2015-06-07 16:50:00,2015-06-07 22:35:00,UTC
B.S.: 2072-02-27A.D.: 2015-06-10,Local: 13:36UTC: 07:51,27.8,85.61,4.3,Sindhupalchok,2015-06-10,2072-02-27,13:36,07:51,2015-06-10 13:36:00,2015-06-10 07:51:00,2015-06-10 13:36:00,UTC
B.S.: 2072-02-27A.D.: 2015-06-10,Local: 14:51UTC: 09:06,27.62,86.1,4.2,Dolakha,2015-06-10,2072-02-27,14:51,09:06,2015-06-10 14:51:00,2015-06-10 09:06:00,2015-06-10 14:51:00,UTC
B.S.: 2072-02-27A.D.: 2015-06-10,Local: 02:50UTC: 21:05,27.87,85.81,4.1,Sindhupalchok,2015-06-10,2072-02-27,02:50,21:05,2015-06-10 02:50:00,2015-06-10 21:05:00,2015-06-11 02:50:00,UTC
B.S.: 2072-02-28A.D.: 2015-06-11,Local: 10:02UTC: 04:17,27.8,85.78,4.6,Sindhupalchok,2015-06-11,2072-02-28,10:02,04:17,2015-06-11 10:02:00,2015-06-11 04:17:00,2015-06-11 10:02:00,UTC
B.S.: 2072-02-28A.D.: 2015-06-11,Local: 21:57UTC: 16:12,27.96,85.73,5.3,Sindhupalchok,2015-06-11,2072-02-28,21:57,16:12,2015-06-11 21:57:00,2015-06-11 16:12:00,2015-06-11 21:57:00,UTC
B.S.: 2072-02-28A.D.: 2015-06-11,Local: 00:26UTC: 18:41,27.67,86.07,4,Dolakha,2015-06-11,2072-02-28,00:26,18:41,2015-06-11 00:26:00,2015-06-11 18:41:00,2015-06-12 00:26:00,UTC
B.S.: 2072-02-29A.D.: 2015-06-12,Local: 10:19UTC: 04:34,27.67,86.09,4.4,Dolakha,2015-06-12,2072-02-29,10:19,04:34,2015-06-12 10:19:00,2015-06-12 04:34:00,2015-06-12 10:19:00,UTC
B.S.: 2072-02-29A.D.: 2015-06-12,Local: 01:22UTC: 19:37,28.21,84.81,4.6,Gorkha,2015-06-12,2072-02-29,01:22,19:37,2015-06-12 01:22:00,2015-06-12 19:37:00,2015-06-13 01:22:00,UTC
B.S.: 2072-02-30A.D.: 2015-06-13,Local: 07:03UTC: 01:18,27.73,86.16,5.2,Dolakha,2015-06-13,2072-02-30,07:03,01:18,2015-06-13 07:03:00,2015-06-13 01:18:00,2015-06-13 07:03:00,UTC
B.S.: 2072-02-31A.D.: 2015-06-14,Local: 05:59UTC: 00:14,27.8,85.15,4.2,Nuwakot,2015-06-14,2072-02-31,05:59,00:14,2015-06-14 05:59:00,2015-06-14 00:14:00,2015-06-14 05:59:00,UTC
B.S.: 2072-02-31A.D.: 2015-06-14,Local: 15:01UTC: 09:16,27.74,86.26,4.1,Dolakha,2015-06-14,2072-02-31,15:01,09:16,2015-06-14 15:01:00,2015-06-14 09:16:00,2015-06-14 15:01:00,UTC
B.S.: 2072-02-32A.D.: 2015-06-15,Local: 15:52UTC: 10:07,27.87,85.72,4.1,Sindhupalchok,2015-06-15,2072-02-32,15:52,10:07,2015-06-15 15:52:00,2015-06-15 10:07:00,2015-06-15 15:52:00,UTC
B.S.: 2072-03-01A.D.: 2015-06-16,Local: 21:56UTC: 16:11,27.7,86.16,4.1,Dolakha,2015-06-16,2072-03-01,21:56,16:11,2015-06-16 21:56:00,2015-06-16 16:11:00,2015-06-16 21:56:00,UTC
B.S.: 2072-03-02A.D.: 2015-06-17,Local: 05:58UTC: 00:13,27.68,85.28,4.4,Kathmandu,2015-06-17,2072-03-02,05:58,00:13,2015-06-17 05:58:00,2015-06-17 00:13:00,2015-06-17 05:58:00,UTC
B.S.: 2072-03-02A.D.: 2015-06-17,Local: 06:14UTC: 00:29,27.91,85.59,5.2,Sindhupalchok,2015-06-17,2072-03-02,06:14,00:29,2015-06-17 06:14:00,2015-06-17 00:29:00,2015-06-17 06:14:00,UTC
B.S.: 2072-03-02A.D.: 2015-06-17,Local: 06:26UTC: 00:41,27.9,85.58,4,Sindhupalchok,2015-06-17,2072-03-02,06:26,00:41,2015-06-17 06:26:00,2015-06-17 00:41:00,2015-06-17 06:26:00,UTC
B.S.: 2072-03-02A.D.: 2015-06-17,Local: 08:00UTC: 02:15,28.27,85.94,5.1,Tibet,2015-06-17,2072-03-02,08:00,02:15,2015-06-17 08:00:00,2015-06-17 02:15:00,2015-06-17 08:00:00,UTC
B.S.: 2072-03-03A.D.: 2015-06-18,Local: 08:24UTC: 02:39,28.14,85.11,4.1,Dhading*,2015-06-18,2072-03-03,08:24,02:39,2015-06-18 08:24:00,2015-06-18 02:39:00,2015-06-18 08:24:00,UTC
B.S.: 2072-03-04A.D.: 2015-06-19,Local: 01:50UTC: 20:05,28.26,84.92,4,Gorkha,2015-06-19,2072-03-04,01:50,20:05,2015-06-19 01:50:00,2015-06-19 20:05:00,2015-06-20 01:50:00,UTC
B.S.: 2072-03-05A.D.: 2015-06-20,Local: 18:08UTC: 12:23,28.65,82.76,5.4,Rukum,2015-06-20,2072-03-05,18:08,12:23,2015-06-20 18:08:00,2015-06-20 12:23:00,2015-06-20 18:08:00,UTC
B.S.: 2072-03-05A.D.: 2015-06-20,Local: 02:40UTC: 20:55,28.17,84.94,4.2,Gorkha,2015-06-20,2072-03-05,02:40,20:55,2015-06-20 02:40:00,2015-06-20 20:55:00,2015-06-21 02:40:00,UTC
B.S.: 2072-03-06A.D.: 2015-06-21,Local: 19:26UTC: 13:41,27.8,86,4.3,Sindhupalchok,2015-06-21,2072-03-06,19:26,13:41,2015-06-21 19:26:00,2015-06-21 13:41:00,2015-06-21 19:26:00,UTC
B.S.: 2072-03-07A.D.: 2015-06-22,Local: 13:19UTC: 07:34,27.67,86.17,4,Dolakha,2015-06-22,2072-03-07,13:19,07:34,2015-06-22 13:19:00,2015-06-22 07:34:00,2015-06-22 13:19:00,UTC
B.S.: 2072-03-09A.D.: 2015-06-24,Local: 14:59UTC: 09:14,27.85,85.75,4,Sindhupalchok,2015-06-24,2072-03-09,14:59,09:14,2015-06-24 14:59:00,2015-06-24 09:14:00,2015-06-24 14:59:00,UTC
B.S.: 2072-03-10A.D.: 2015-06-25,Local: 21:07UTC: 15:22,27.78,85.17,4.3,Nuwakot,2015-06-25,2072-03-10,21:07,15:22,2015-06-25 21:07:00,2015-06-25 15:22:00,2015-06-25 21:07:00,UTC
B.S.: 2072-03-10A.D.: 2015-06-25,Local: 23:49UTC: 18:04,27.66,86.21,4.1,Dolakha,2015-06-25,2072-03-10,23:49,18:04,2015-06-25 23:49:00,2015-06-25 18:04:00,2015-06-25 23:49:00,UTC
B.S.: 2072-03-10A.D.: 2015-06-25,Local: 23:51UTC: 18:06,27.94,85.49,4.2,Sindhupalchok,2015-06-25,2072-03-10,23:51,18:06,2015-06-25 23:51:00,2015-06-25 18:06:00,2015-06-25 23:51:00,UTC
B.S.: 2072-03-11A.D.: 2015-06-26,Local: 14:45UTC: 09:00,27.58,85.39,4.1,Lalitpur,2015-06-26,2072-03-11,14:45,09:00,2015-06-26 14:45:00,2015-06-26 09:00:00,2015-06-26 14:45:00,UTC
B.S.: 2072-03-11A.D.: 2015-06-26,Local: 18:02UTC: 12:17,27.74,86.28,4.2,Dolakha,2015-06-26,2072-03-11,18:02,12:17,2015-06-26 18:02:00,2015-06-26 12:17:00,2015-06-26 18:02:00,UTC
B.S.: 2072-03-13A.D.: 2015-06-28,Local: 22:01UTC: 16:16,27.92,85.66,4.3,Sindhupalchok,2015-06-28,2072-03-13,22:01,16:16,2015-06-28 22:01:00,2015-06-28 16:16:00,2015-06-28 22:01:00,UTC
B.S.: 2072-03-14A.D.: 2015-06-29,Local: 23:27UTC: 17:42,27.92,85.68,4.1,Sindhupalchok,2015-06-29,2072-03-14,23:27,17:42,2015-06-29 23:27:00,2015-06-29 17:42:00,2015-06-29 23:27:00,UTC
B.S.: 2072-03-14A.D.: 2015-06-29,Local: 23:34UTC: 17:49,27.93,85.64,4,Sindhupalchok,2015-06-29,2072-03-14,23:34,17:49,2015-06-29 23:34:00,2015-06-29 17:49:00,2015-06-29 23:34:00,UTC
B.S.: 2072-03-14A.D.: 2015-06-29,Local: 05:42UTC: 23:57,27.35,86.2,5,Ramechhap,2015-06-29,2072-03-14,05:42,23:57,2015-06-29 05:42:00,2015-06-29 23:57:00,2015-06-30 05:42:00,UTC
B.S.: 2072-03-15A.D.: 2015-06-30,Local: 03:31UTC: 21:46,27.55,85.79,4.4,Kavrepalanchok,2015-06-30,2072-03-15,03:31,21:46,2015-06-30 03:31:00,2015-06-30 21:46:00,2015-07-01 03:31:00,UTC
B.S.: 2072-03-16A.D.: 2015-07-01,Local: 09:12UTC: 03:27,27.71,86.12,4,Dolakha,2015-07-01,2072-03-16,09:12,03:27,2015-07-01 09:12:00,2015-07-01 03:27:00,2015-07-01 09:12:00,UTC
B.S.: 2072-03-16A.D.: 2015-07-01,Local: 15:24UTC: 09:39,28.06,85.14,4,Nuwakot,2015-07-01,2072-03-16,15:24,09:39,2015-07-01 15:24:00,2015-07-01 09:39:00,2015-07-01 15:24:00,UTC
B.S.: 2072-03-16A.D.: 2015-07-01,Local: 03:33UTC: 21:48,27.8,85.74,4,Sindhupalchok,2015-07-01,2072-03-16,03:33,21:48,2015-07-01 03:33:00,2015-07-01 21:48:00,2015-07-02 03:33:00,UTC
B.S.: 2072-03-17A.D.: 2015-07-02,Local: 07:41UTC: 01:56,27.97,85.62,5,Sindhupalchok,2015-07-02,2072-03-17,07:41,01:56,2015-07-02 07:41:00,2015-07-02 01:56:00,2015-07-02 07:41:00,UTC
B.S.: 2072-03-17A.D.: 2015-07-02,Local: 05:26UTC: 23:41,27.67,85.54,4.1,Kavrepalanchok*,2015-07-02,2072-03-17,05:26,23:41,2015-07-02 05:26:00,2015-07-02 23:41:00,2015-07-03 05:26:00,UTC
B.S.: 2072-03-19A.D.: 2015-07-04,Local: 01:49UTC: 20:04,27.73,85,4.6,Dhading,2015-07-04,2072-03-19,01:49,20:04,2015-07-04 01:49:00,2015-07-04 20:04:00,2015-07-05 01:49:00,UTC
B.S.: 2072-03-20A.D.: 2015-07-05,Local: 10:07UTC: 04:22,27.67,86.2,4.2,Dolakha,2015-07-05,2072-03-20,10:07,04:22,2015-07-05 10:07:00,2015-07-05 04:22:00,2015-07-05 10:07:00,UTC
B.S.: 2072-03-20A.D.: 2015-07-05,Local: 01:27UTC: 19:42,27.86,85.87,4.4,Sindhupalchok,2015-07-05,2072-03-20,01:27,19:42,2015-07-05 01:27:00,2015-07-05 19:42:00,2015-07-06 01:27:00,UTC
B.S.: 2072-03-21A.D.: 2015-07-06,Local: 10:48UTC: 05:03,27.69,86.2,4.3,Dolakha,2015-07-06,2072-03-21,10:48,05:03,2015-07-06 10:48:00,2015-07-06 05:03:00,2015-07-06 10:48:00,UTC
B.S.: 2072-03-21A.D.: 2015-07-06,Local: 21:14UTC: 15:29,27.96,85.75,4.4,Sindhupalchok,2015-07-06,2072-03-21,21:14,15:29,2015-07-06 21:14:00,2015-07-06 15:29:00,2015-07-06 21:14:00,UTC
B.S.: 2072-03-22A.D.: 2015-07-07,Local: 09:06UTC: 03:21,28.48,83.13,4.2,Baglung,2015-07-07,2072-03-22,09:06,03:21,2015-07-07 09:06:00,2015-07-07 03:21:00,2015-07-07 09:06:00,UTC
B.S.: 2072-03-22A.D.: 2015-07-07,Local: 15:16UTC: 09:31,29.69,81.74,4.6,Humla,2015-07-07,2072-03-22,15:16,09:31,2015-07-07 15:16:00,2015-07-07 09:31:00,2015-07-07 15:16:00,UTC
B.S.: 2072-03-23A.D.: 2015-07-08,Local: 09:55UTC: 04:10,27.92,85.68,4.2,Sindhupalchok,2015-07-08,2072-03-23,09:55,04:10,2015-07-08 09:55:00,2015-07-08 04:10:00,2015-07-08 09:55:00,UTC
B.S.: 2072-03-23A.D.: 2015-07-08,Local: 10:19UTC: 04:34,27.6,86.23,4.1,Dolakha,2015-07-08,2072-03-23,10:19,04:34,2015-07-08 10:19:00,2015-07-08 04:34:00,2015-07-08 10:19:00,UTC
B.S.: 2072-03-24A.D.: 2015-07-09,Local: 17:59UTC: 12:14,27.89,85.73,4.4,Sindhupalchok,2015-07-09,2072-03-24,17:59,12:14,2015-07-09 17:59:00,2015-07-09 12:14:00,2015-07-09 17:59:00,UTC
B.S.: 2072-03-26A.D.: 2015-07-11,Local: 02:28UTC: 20:43,27.8,86.23,4.4,Dolakha,2015-07-11,2072-03-26,02:28,20:43,2015-07-11 02:28:00,2015-07-11 20:43:00,2015-07-12 02:28:00,UTC
B.S.: 2072-03-28A.D.: 2015-07-13,Local: 16:01UTC: 10:16,28.06,85.34,4,Rasuwa,2015-07-13,2072-03-28,16:01,10:16,2015-07-13 16:01:00,2015-07-13 10:16:00,2015-07-13 16:01:00,UTC
B.S.: 2072-03-28A.D.: 2015-07-13,Local: 17:39UTC: 11:54,27.63,86.09,4.2,Dolakha,2015-07-13,2072-03-28,17:39,11:54,2015-07-13 17:39:00,2015-07-13 11:54:00,2015-07-13 17:39:00,UTC
B.S.: 2072-03-30A.D.: 2015-07-15,Local: 08:14UTC: 02:29,29.8,80.73,4.1,Darchula,2015-07-15,2072-03-30,08:14,02:29,2015-07-15 08:14:00,2015-07-15 02:29:00,2015-07-15 08:14:00,UTC
B.S.: 2072-04-01A.D.: 2015-07-17,Local: 05:09UTC: 23:24,28.18,84.74,4,Gorkha,2015-07-17,2072-04-01,05:09,23:24,2015-07-17 05:09:00,2015-07-17 23:24:00,2015-07-18 05:09:00,UTC
B.S.: 2072-04-05A.D.: 2015-07-21,Local: 08:09UTC: 02:24,27.86,86.39,4.3,Dolakha,2015-07-21,2072-04-05,08:09,02:24,2015-07-21 08:09:00,2015-07-21 02:24:00,2015-07-21 08:09:00,UTC
B.S.: 2072-04-06A.D.: 2015-07-22,Local: 22:14UTC: 16:29,27.7,85.32,4.6,Kathmandu,2015-07-22,2072-04-06,22:14,16:29,2015-07-22 22:14:00,2015-07-22 16:29:00,2015-07-22 22:14:00,UTC
B.S.: 2072-04-09A.D.: 2015-07-25,Local: 20:04UTC: 14:19,27.66,86,4.5,Dolakha*,2015-07-25,2072-04-09,20:04,14:19,2015-07-25 20:04:00,2015-07-25 14:19:00,2015-07-25 20:04:00,UTC
B.S.: 2072-04-09A.D.: 2015-07-25,Local: 00:05UTC: 18:20,27.61,86.28,4.3,Dolakha,2015-07-25,2072-04-09,00:05,18:20,2015-07-25 00:05:00,2015-07-25 18:20:00,2015-07-26 00:05:00,UTC
B.S.: 2072-04-10A.D.: 2015-07-26,Local: 09:30UTC: 03:45,27.68,86.22,4.1,Dolakha,2015-07-26,2072-04-10,09:30,03:45,2015-07-26 09:30:00,2015-07-26 03:45:00,2015-07-26 09:30:00,UTC
B.S.: 2072-04-10A.D.: 2015-07-26,Local: 10:03UTC: 04:18,27.85,85.75,4,Sindhupalchok,2015-07-26,2072-04-10,10:03,04:18,2015-07-26 10:03:00,2015-07-26 04:18:00,2015-07-26 10:03:00,UTC
B.S.: 2072-04-11A.D.: 2015-07-27,Local: 18:23UTC: 12:38,27.94,85.48,4.2,Nuwakot,2015-07-27,2072-04-11,18:23,12:38,2015-07-27 18:23:00,2015-07-27 12:38:00,2015-07-27 18:23:00,UTC
B.S.: 2072-04-12A.D.: 2015-07-28,Local: 09:21UTC: 03:36,27.8,85.75,4.1,Sindhupalchok,2015-07-28,2072-04-12,09:21,03:36,2015-07-28 09:21:00,2015-07-28 03:36:00,2015-07-28 09:21:00,UTC
B.S.: 2072-04-12A.D.: 2015-07-28,Local: 18:38UTC: 12:53,27.68,86.04,4,Dolakha,2015-07-28,2072-04-12,18:38,12:53,2015-07-28 18:38:00,2015-07-28 12:53:00,2015-07-28 18:38:00,UTC
B.S.: 2072-04-12A.D.: 2015-07-28,Local: 21:23UTC: 15:38,27.59,86.17,4.1,Dolakha,2015-07-28,2072-04-12,21:23,15:38,2015-07-28 21:23:00,2015-07-28 15:38:00,2015-07-28 21:23:00,UTC
B.S.: 2072-04-14A.D.: 2015-07-30,Local: 20:18UTC: 14:33,27.66,86.09,4.5,Dolakha,2015-07-30,2072-04-14,20:18,14:33,2015-07-30 20:18:00,2015-07-30 14:33:00,2015-07-30 20:18:00,UTC
B.S.: 2072-04-16A.D.: 2015-08-01,Local: 07:22UTC: 01:37,27.81,85.71,4.2,Sindhupalchok,2015-08-01,2072-04-16,07:22,01:37,2015-08-01 07:22:00,2015-08-01 01:37:00,2015-08-01 07:22:00,UTC
B.S.: 2072-04-20A.D.: 2015-08-05,Local: 13:59UTC: 08:14,27.64,86.07,4.3,Dolakha,2015-08-05,2072-04-20,13:59,08:14,2015-08-05 13:59:00,2015-08-05 08:14:00,2015-08-05 13:59:00,UTC
B.S.: 2072-04-20A.D.: 2015-08-05,Local: 17:38UTC: 11:53,27.63,86.07,4.1,Dolakha,2015-08-05,2072-04-20,17:38,11:53,2015-08-05 17:38:00,2015-08-05 11:53:00,2015-08-05 17:38:00,UTC
B.S.: 2072-04-21A.D.: 2015-08-06,Local: 20:36UTC: 14:51,27.86,85.76,4.1,Sindhupalchok,2015-08-06,2072-04-21,20:36,14:51,2015-08-06 20:36:00,2015-08-06 14:51:00,2015-08-06 20:36:00,UTC
B.S.: 2072-04-22A.D.: 2015-08-07,Local: 11:57UTC: 06:12,27.5,85.5,4.4,Kavrepalanchok,2015-08-07,2072-04-22,11:57,06:12,2015-08-07 11:57:00,2015-08-07 06:12:00,2015-08-07 11:57:00,UTC
B.S.: 2072-04-23A.D.: 2015-08-08,Local: 06:24UTC: 00:39,27.77,85.7,4,Sindhupalchok,2015-08-08,2072-04-23,06:24,00:39,2015-08-08 06:24:00,2015-08-08 00:39:00,2015-08-08 06:24:00,UTC
B.S.: 2072-04-23A.D.: 2015-08-08,Local: 21:25UTC: 15:40,27.69,86.26,4.1,Dolakha,2015-08-08,2072-04-23,21:25,15:40,2015-08-08 21:25:00,2015-08-08 15:40:00,2015-08-08 21:25:00,UTC
B.S.: 2072-04-24A.D.: 2015-08-09,Local: 07:55UTC: 02:10,27.94,85.52,4.1,Sindhupalchok,2015-08-09,2072-04-24,07:55,02:10,2015-08-09 07:55:00,2015-08-09 02:10:00,2015-08-09 07:55:00,UTC
B.S.: 2072-04-24A.D.: 2015-08-09,Local: 12:21UTC: 06:36,30.1,81.85,4,Humla,2015-08-09,2072-04-24,12:21,06:36,2015-08-09 12:21:00,2015-08-09 06:36:00,2015-08-09 12:21:00,UTC
B.S.: 2072-04-25A.D.: 2015-08-10,Local: 04:15UTC: 22:30,28.14,84.72,4.9,Gorkha,2015-08-10,2072-04-25,04:15,22:30,2015-08-10 04:15:00,2015-08-10 22:30:00,2015-08-11 04:15:00,UTC
B.S.: 2072-04-26A.D.: 2015-08-11,Local: 10:42UTC: 04:57,27.7,85.29,4.3,Kathmandu,2015-08-11,2072-04-26,10:42,04:57,2015-08-11 10:42:00,2015-08-11 04:57:00,2015-08-11 10:42:00,UTC
B.S.: 2072-04-28A.D.: 2015-08-13,Local: 01:49UTC: 20:04,27.72,85.2,4,Dhading,2015-08-13,2072-04-28,01:49,20:04,2015-08-13 01:49:00,2015-08-13 20:04:00,2015-08-14 01:49:00,UTC
B.S.: 2072-04-29A.D.: 2015-08-14,Local: 18:47UTC: 13:02,27.59,85.97,4.3,Dolakha*,2015-08-14,2072-04-29,18:47,13:02,2015-08-14 18:47:00,2015-08-14 13:02:00,2015-08-14 18:47:00,UTC
B.S.: 2072-04-30A.D.: 2015-08-15,Local: 10:10UTC: 04:25,27.87,86.08,4.1,Dolakha,2015-08-15,2072-04-30,10:10,04:25,2015-08-15 10:10:00,2015-08-15 04:25:00,2015-08-15 10:10:00,UTC
B.S.: 2072-04-30A.D.: 2015-08-15,Local: 23:56UTC: 18:11,27.71,86.05,4.8,Dolakha,2015-08-15,2072-04-30,23:56,18:11,2015-08-15 23:56:00,2015-08-15 18:11:00,2015-08-15 23:56:00,UTC
B.S.: 2072-05-01A.D.: 2015-08-18,Local: 04:08UTC: 22:23,27.93,86.14,4.8,Dolakha,2015-08-18,2072-05-01,04:08,22:23,2015-08-18 04:08:00,2015-08-18 22:23:00,2015-08-19 04:08:00,UTC
B.S.: 2072-05-03A.D.: 2015-08-20,Local: 11:47UTC: 06:02,28,85.29,4.6,Rasuwa,2015-08-20,2072-05-03,11:47,06:02,2015-08-20 11:47:00,2015-08-20 06:02:00,2015-08-20 11:47:00,UTC
B.S.: 2072-05-04A.D.: 2015-08-21,Local: 12:21UTC: 06:36,27.96,85.48,4,Nuwakot,2015-08-21,2072-05-04,12:21,06:36,2015-08-21 12:21:00,2015-08-21 06:36:00,2015-08-21 12:21:00,UTC
B.S.: 2072-05-06A.D.: 2015-08-23,Local: 14:47UTC: 09:02,27.87,86.17,5.1,Dolakha,2015-08-23,2072-05-06,14:47,09:02,2015-08-23 14:47:00,2015-08-23 09:02:00,2015-08-23 14:47:00,UTC
B.S.: 2072-05-08A.D.: 2015-08-25,Local: 15:08UTC: 09:23,27.68,86.22,4,Dolakha,2015-08-25,2072-05-08,15:08,09:23,2015-08-25 15:08:00,2015-08-25 09:23:00,2015-08-25 15:08:00,UTC
B.S.: 2072-05-09A.D.: 2015-08-26,Local: 13:31UTC: 07:46,30.11,81.53,4.1,Humla,2015-08-26,2072-05-09,13:31,07:46,2015-08-26 13:31:00,2015-08-26 07:46:00,2015-08-26 13:31:00,UTC
B.S.: 2072-05-10A.D.: 2015-08-27,Local: 06:07UTC: 00:22,28.12,84.89,4.1,Gorkha,2015-08-27,2072-05-10,06:07,00:22,2015-08-27 06:07:00,2015-08-27 00:22:00,2015-08-27 06:07:00,UTC
B.S.: 2072-05-10A.D.: 2015-08-27,Local: 00:51UTC: 19:06,27.85,85.74,4.2,Sindhupalchok,2015-08-27,2072-05-10,00:51,19:06,2015-08-27 00:51:00,2015-08-27 19:06:00,2015-08-28 00:51:00,UTC
B.S.: 2072-05-13A.D.: 2015-08-30,Local: 08:26UTC: 02:41,27.66,86.23,4.1,Dolakha,2015-08-30,2072-05-13,08:26,02:41,2015-08-30 08:26:00,2015-08-30 02:41:00,2015-08-30 08:26:00,UTC
B.S.: 2072-05-13A.D.: 2015-08-30,Local: 19:02UTC: 13:17,27.72,85.75,5,Sindhupalchok,2015-08-30,2072-05-13,19:02,13:17,2015-08-30 19:02:00,2015-08-30 13:17:00,2015-08-30 19:02:00,UTC
B.S.: 2072-05-13A.D.: 2015-08-30,Local: 03:09UTC: 21:24,27.92,84.94,4.3,Dhading,2015-08-30,2072-05-13,03:09,21:24,2015-08-30 03:09:00,2015-08-30 21:24:00,2015-08-31 03:09:00,UTC
B.S.: 2072-05-14A.D.: 2015-08-31,Local: 23:33UTC: 17:48,27.92,85.69,4.2,Sindhupalchok,2015-08-31,2072-05-14,23:33,17:48,2015-08-31 23:33:00,2015-08-31 17:48:00,2015-08-31 23:33:00,UTC
B.S.: 2072-05-16A.D.: 2015-09-02,Local: 04:51UTC: 23:06,27.64,86.19,4.4,Dolakha,2015-09-02,2072-05-16,04:51,23:06,2015-09-02 04:51:00,2015-09-02 23:06:00,2015-09-03 04:51:00,UTC
B.S.: 2072-05-17A.D.: 2015-09-03,Local: 05:10UTC: 23:25,27.75,86.01,4.3,Sindhupalchok,2015-09-03,2072-05-17,05:10,23:25,2015-09-03 05:10:00,2015-09-03 23:25:00,2015-09-04 05:10:00,UTC
B.S.: 2072-05-23A.D.: 2015-09-09,Local: 18:23UTC: 12:38,27.82,86.24,4,Dolakha,2015-09-09,2072-05-23,18:23,12:38,2015-09-09 18:23:00,2015-09-09 12:38:00,2015-09-09 18:23:00,UTC
B.S.: 2072-05-30A.D.: 2015-09-16,Local: 20:37UTC: 14:52,27.6,86.19,4.2,Dolakha,2015-09-16,2072-05-30,20:37,14:52,2015-09-16 20:37:00,2015-09-16 14:52:00,2015-09-16 20:37:00,UTC
B.S.: 2072-06-03A.D.: 2015-09-20,Local: 04:05UTC: 22:20,27.76,86.37,4,Dolakha,2015-09-20,2072-06-03,04:05,22:20,2015-09-20 04:05:00,2015-09-20 22:20:00,2015-09-21 04:05:00,UTC
B.S.: 2072-06-05A.D.: 2015-09-22,Local: 12:17UTC: 06:32,27.74,85.07,4.5,Dhading*,2015-09-22,2072-06-05,12:17,06:32,2015-09-22 12:17:00,2015-09-22 06:32:00,2015-09-22 12:17:00,UTC
B.S.: 2072-06-12A.D.: 2015-09-29,Local: 15:12UTC: 09:27,29.83,80.6,4.6,Darchula,2015-09-29,2072-06-12,15:12,09:27,2015-09-29 15:12:00,2015-09-29 09:27:00,2015-09-29 15:12:00,UTC
B.S.: 2072-06-12A.D.: 2015-09-29,Local: 16:39UTC: 10:54,27.77,85.87,4.6,Sindhupalchok,2015-09-29,2072-06-12,16:39,10:54,2015-09-29 16:39:00,2015-09-29 10:54:00,2015-09-29 16:39:00,UTC
B.S.: 2072-06-18A.D.: 2015-10-05,Local: 13:18UTC: 07:33,27.71,86.15,4.8,Dolakha,2015-10-05,2072-06-18,13:18,07:33,2015-10-05 13:18:00,2015-10-05 07:33:00,2015-10-05 13:18:00,UTC
B.S.: 2072-06-18A.D.: 2015-10-05,Local: 13:21UTC: 07:36,27.71,86.1,4.2,Dolakha,2015-10-05,2072-06-18,13:21,07:36,2015-10-05 13:21:00,2015-10-05 07:36:00,2015-10-05 13:21:00,UTC
B.S.: 2072-06-19A.D.: 2015-10-06,Local: 17:47UTC: 12:02,27.69,86.09,4.2,Dolakha,2015-10-06,2072-06-19,17:47,12:02,2015-10-06 17:47:00,2015-10-06 12:02:00,2015-10-06 17:47:00,UTC
B.S.: 2072-06-20A.D.: 2015-10-07,Local: 05:15UTC: 23:30,27.68,86.08,4.2,Dolakha,2015-10-07,2072-06-20,05:15,23:30,2015-10-07 05:15:00,2015-10-07 23:30:00,2015-10-08 05:15:00,UTC
B.S.: 2072-06-21A.D.: 2015-10-08,Local: 13:00UTC: 07:15,27.57,85.31,4,Lalitpur,2015-10-08,2072-06-21,13:00,07:15,2015-10-08 13:00:00,2015-10-08 07:15:00,2015-10-08 13:00:00,UTC
B.S.: 2072-06-21A.D.: 2015-10-08,Local: 21:58UTC: 16:13,27.96,85.54,4.1,Sindhupalchok,2015-10-08,2072-06-21,21:58,16:13,2015-10-08 21:58:00,2015-10-08 16:13:00,2015-10-08 21:58:00,UTC
B.S.: 2072-06-29A.D.: 2015-10-16,Local: 14:28UTC: 08:43,27.71,86.16,4.2,Dolakha,2015-10-16,2072-06-29,14:28,08:43,2015-10-16 14:28:00,2015-10-16 08:43:00,2015-10-16 14:28:00,UTC
B.S.: 2072-06-30A.D.: 2015-10-17,Local: 23:46UTC: 18:01,27.8,86.3,4.2,Dolakha,2015-10-17,2072-06-30,23:46,18:01,2015-10-17 23:46:00,2015-10-17 18:01:00,2015-10-17 23:46:00,UTC
B.S.: 2072-07-14A.D.: 2015-10-31,Local: 09:28UTC: 03:43,28.03,85.23,4.3,Rasuwa,2015-10-31,2072-07-14,09:28,03:43,2015-10-31 09:28:00,2015-10-31 03:43:00,2015-10-31 09:28:00,UTC
B.S.: 2072-07-26A.D.: 2015-11-12,Local: 15:45UTC: 10:00,27.99,85.65,4.2,Sindhupalchok,2015-11-12,2072-07-26,15:45,10:00,2015-11-12 15:45:00,2015-11-12 10:00:00,2015-11-12 15:45:00,UTC
B.S.: 2072-08-01A.D.: 2015-11-17,Local: 18:55UTC: 13:10,28.02,85.28,4.3,Rasuwa,2015-11-17,2072-08-01,18:55,13:10,2015-11-17 18:55:00,2015-11-17 13:10:00,2015-11-17 18:55:00,UTC
B.S.: 2072-08-03A.D.: 2015-11-19,Local: 10:00UTC: 04:15,27.89,85.75,5.3,Sindhupalchok,2015-11-19,2072-08-03,10:00,04:15,2015-11-19 10:00:00,2015-11-19 04:15:00,2015-11-19 10:00:00,UTC
B.S.: 2072-08-03A.D.: 2015-11-19,Local: 17:44UTC: 11:59,27.77,85.88,4,Sindhupalchok,2015-11-19,2072-08-03,17:44,11:59,2015-11-19 17:44:00,2015-11-19 11:59:00,2015-11-19 17:44:00,UTC
B.S.: 2072-08-04A.D.: 2015-11-20,Local: 13:45UTC: 08:00,28.35,83.36,4,Baglung,2015-11-20,2072-08-04,13:45,08:00,2015-11-20 13:45:00,2015-11-20 08:00:00,2015-11-20 13:45:00,UTC
B.S.: 2072-08-06A.D.: 2015-11-22,Local: 07:11UTC: 01:26,28.43,83.3,4.1,Myagdi,2015-11-22,2072-08-06,07:11,01:26,2015-11-22 07:11:00,2015-11-22 01:26:00,2015-11-22 07:11:00,UTC
B.S.: 2072-08-08A.D.: 2015-11-24,Local: 17:00UTC: 11:15,27.87,85.29,4,Nuwakot,2015-11-24,2072-08-08,17:00,11:15,2015-11-24 17:00:00,2015-11-24 11:15:00,2015-11-24 17:00:00,UTC
B.S.: 2072-08-08A.D.: 2015-11-24,Local: 18:09UTC: 12:24,28.15,84.81,4.4,Gorkha,2015-11-24,2072-08-08,18:09,12:24,2015-11-24 18:09:00,2015-11-24 12:24:00,2015-11-24 18:09:00,UTC
B.S.: 2072-08-09A.D.: 2015-11-25,Local: 00:42UTC: 18:57,27.87,85.77,4.1,Sindhupalchok*,2015-11-25,2072-08-09,00:42,18:57,2015-11-25 00:42:00,2015-11-25 18:57:00,2015-11-26 00:42:00,UTC
B.S.: 2072-08-11A.D.: 2015-11-27,Local: 15:23UTC: 09:38,27.63,85.53,4.1,kavrepalanchok,2015-11-27,2072-08-11,15:23,09:38,2015-11-27 15:23:00,2015-11-27 09:38:00,2015-11-27 15:23:00,UTC
B.S.: 2072-08-11A.D.: 2015-11-27,Local: 16:22UTC: 10:37,27.11,87.95,4.6,Panchthar,2015-11-27,2072-08-11,16:22,10:37,2015-11-27 16:22:00,2015-11-27 10:37:00,2015-11-27 16:22:00,UTC
B.S.: 2072-08-14A.D.: 2015-11-30,Local: 06:10UTC: 00:25,27.78,85.39,4.1,Kathmandu,2015-11-30,2072-08-14,06:10,00:25,2015-11-30 06:10:00,2015-11-30 00:25:00,2015-11-30 06:10:00,UTC
B.S.: 2072-08-21A.D.: 2015-12-07,Local: 07:27UTC: 01:42,27.86,86.19,4,Dolakha,2015-12-07,2072-08-21,07:27,01:42,2015-12-07 07:27:00,2015-12-07 01:42:00,2015-12-07 07:27:00,UTC
B.S.: 2072-08-27A.D.: 2015-12-13,Local: 08:45UTC: 03:00,28.04,85.02,4.1,Dhading,2015-12-13,2072-08-27,08:45,03:00,2015-12-13 08:45:00,2015-12-13 03:00:00,2015-12-13 08:45:00,UTC
B.S.: 2072-09-03A.D.: 2015-12-18,Local: 16:01UTC: 10:16,29.44,81.69,5.5,Bajura,2015-12-18,2072-09-03,16:01,10:16,2015-12-18 16:01:00,2015-12-18 10:16:00,2015-12-18 16:01:00,UTC
B.S.: 2072-09-08A.D.: 2015-12-23,Local: 08:59UTC: 03:14,27.79,86.08,4.1,Dolakha,2015-12-23,2072-09-08,08:59,03:14,2015-12-23 08:59:00,2015-12-23 03:14:00,2015-12-23 08:59:00,UTC
B.S.: 2072-09-11A.D.: 2015-12-26,Local: 10:33UTC: 04:48,29.35,81.29,4.1,Bajura,2015-12-26,2072-09-11,10:33,04:48,2015-12-26 10:33:00,2015-12-26 04:48:00,2015-12-26 10:33:00,UTC
B.S.: 2072-09-13A.D.: 2015-12-28,Local: 03:52UTC: 22:07,27.7,86.12,4.2,Dolakha,2015-12-28,2072-09-13,03:52,22:07,2015-12-28 03:52:00,2015-12-28 22:07:00,2015-12-29 03:52:00,UTC
B.S.: 2072-09-16A.D.: 2015-12-31,Local: 07:41UTC: 01:56,27.86,85.72,4.3,Sindhupalchok,2015-12-31,2072-09-16,07:41,01:56,2015-12-31 07:41:00,2015-12-31 01:56:00,2015-12-31 07:41:00,UTC
B.S.: 2072-09-18A.D.: 2016-01-02,Local: 03:15UTC: 21:30,28.01,85.8,4.2,Sindhupalchok,2016-01-02,2072-09-18,03:15,21:30,2016-01-02 03:15:00,2016-01-02 21:30:00,2016-01-03 03:15:00,UTC
B.S.: 2072-09-20A.D.: 2016-01-04,Local: 18:47UTC: 13:02,27.75,86.12,4.1,Dolakha,2016-01-04,2072-09-20,18:47,13:02,2016-01-04 18:47:00,2016-01-04 13:02:00,2016-01-04 18:47:00,UTC
B.S.: 2072-09-25A.D.: 2016-01-09,Local: 23:28UTC: 17:43,27.48,86.01,4.4,Ramechhap,2016-01-09,2072-09-25,23:28,17:43,2016-01-09 23:28:00,2016-01-09 17:43:00,2016-01-09 23:28:00,UTC
B.S.: 2072-10-01A.D.: 2016-01-15,Local: 18:50UTC: 13:05,27.63,86.25,4.1,Dolakha,2016-01-15,2072-10-01,18:50,13:05,2016-01-15 18:50:00,2016-01-15 13:05:00,2016-01-15 18:50:00,UTC
B.S.: 2072-10-01A.D.: 2016-01-15,Local: 22:59UTC: 17:14,27.65,86.23,4.3,Dolakha,2016-01-15,2072-10-01,22:59,17:14,2016-01-15 22:59:00,2016-01-15 17:14:00,2016-01-15 22:59:00,UTC
B.S.: 2072-10-08A.D.: 2016-01-22,Local: 01:07UTC: 19:22,28.06,85.09,4.6,Nuwakot,2016-01-22,2072-10-08,01:07,19:22,2016-01-22 01:07:00,2016-01-22 19:22:00,2016-01-23 01:07:00,UTC
B.S.: 2072-10-13A.D.: 2016-01-27,Local: 14:27UTC: 08:42,27.83,85.83,4.4,Sindhupalchok,2016-01-27,2072-10-13,14:27,08:42,2016-01-27 14:27:00,2016-01-27 08:42:00,2016-01-27 14:27:00,UTC
B.S.: 2072-10-13A.D.: 2016-01-27,Local: 20:42UTC: 14:57,26.68,86.27,4.2,Siraha,2016-01-27,2072-10-13,20:42,14:57,2016-01-27 20:42:00,2016-01-27 14:57:00,2016-01-27 20:42:00,UTC
B.S.: 2072-10-22A.D.: 2016-02-05,Local: 22:05UTC: 16:20,27.95,85.52,5.5,Sindhupalchok,2016-02-05,2072-10-22,22:05,16:20,2016-02-05 22:05:00,2016-02-05 16:20:00,2016-02-05 22:05:00,UTC
B.S.: 2072-10-27A.D.: 2016-02-10,Local: 22:12UTC: 16:27,27.84,85.71,4.6,Sindhupalchok*,2016-02-10,2072-10-27,22:12,16:27,2016-02-10 22:12:00,2016-02-10 16:27:00,2016-02-10 22:12:00,UTC
B.S.: 2072-11-01A.D.: 2016-02-13,Local: 20:22UTC: 14:37,27.81,85.72,4.3,Sindhupalchok,2016-02-13,2072-11-01,20:22,14:37,2016-02-13 20:22:00,2016-02-13 14:37:00,2016-02-13 20:22:00,UTC
B.S.: 2072-11-08A.D.: 2016-02-20,Local: 03:54UTC: 22:09,27.86,85.29,4.1,Nuwakot,2016-02-20,2072-11-08,03:54,22:09,2016-02-20 03:54:00,2016-02-20 22:09:00,2016-02-21 03:54:00,UTC
B.S.: 2072-11-09A.D.: 2016-02-21,Local: 23:54UTC: 18:09,28.08,84.76,5.5,Gorkha,2016-02-21,2072-11-09,23:54,18:09,2016-02-21 23:54:00,2016-02-21 18:09:00,2016-02-21 23:54:00,UTC
B.S.: 2072-11-11A.D.: 2016-02-23,Local: 08:45UTC: 03:00,27.47,87.15,4.5,Sankhuwasabha*,2016-02-23,2072-11-11,08:45,03:00,2016-02-23 08:45:00,2016-02-23 03:00:00,2016-02-23 08:45:00,UTC
B.S.: 2072-11-12A.D.: 2016-02-24,Local: 15:07UTC: 09:22,27.8,85.74,5.4,Sindhupalchok,2016-02-24,2072-11-12,15:07,09:22,2016-02-24 15:07:00,2016-02-24 09:22:00,2016-02-24 15:07:00,UTC
B.S.: 2072-11-18A.D.: 2016-03-01,Local: 16:30UTC: 10:45,27.79,85.73,4.3,Sindhupalchok,2016-03-01,2072-11-18,16:30,10:45,2016-03-01 16:30:00,2016-03-01 10:45:00,2016-03-01 16:30:00,UTC
B.S.: 2072-11-23A.D.: 2016-03-06,Local: 07:10UTC: 01:25,27.69,85.93,4,Sindhupalchok,2016-03-06,2072-11-23,07:10,01:25,2016-03-06 07:10:00,2016-03-06 01:25:00,2016-03-06 07:10:00,UTC
B.S.: 2072-11-24A.D.: 2016-03-07,Local: 13:50UTC: 08:05,30.22,81.7,4,Humla,2016-03-07,2072-11-24,13:50,08:05,2016-03-07 13:50:00,2016-03-07 08:05:00,2016-03-07 13:50:00,UTC
B.S.: 2072-11-28A.D.: 2016-03-11,Local: 15:13UTC: 09:28,27.9,85.87,4.2,Sindhupalchok,2016-03-11,2072-11-28,15:13,09:28,2016-03-11 15:13:00,2016-03-11 09:28:00,2016-03-11 15:13:00,UTC
B.S.: 2072-11-30A.D.: 2016-03-13,Local: 11:00UTC: 05:15,27.83,84.9,4.8,Dhading,2016-03-13,2072-11-30,11:00,05:15,2016-03-13 11:00:00,2016-03-13 05:15:00,2016-03-13 11:00:00,UTC
B.S.: 2072-12-02A.D.: 2016-03-15,Local: 03:12UTC: 21:27,27.84,85.73,4.5,Sindhupalchok,2016-03-15,2072-12-02,03:12,21:27,2016-03-15 03:12:00,2016-03-15 21:27:00,2016-03-16 03:12:00,UTC
B.S.: 2072-12-04A.D.: 2016-03-17,Local: 10:59UTC: 05:14,27.34,86.27,4,Okhaldhunga,2016-03-17,2072-12-04,10:59,05:14,2016-03-17 10:59:00,2016-03-17 05:14:00,2016-03-17 10:59:00,UTC
B.S.: 2072-12-11A.D.: 2016-03-24,Local: 05:26UTC: 23:41,27.75,88.04,4.1,Taplejung,2016-03-24,2072-12-11,05:26,23:41,2016-03-24 05:26:00,2016-03-24 23:41:00,2016-03-25 05:26:00,UTC
B.S.: 2072-12-17A.D.: 2016-03-30,Local: 18:11UTC: 12:26,27.89,85.73,4.7,Sindhupalchok,2016-03-30,2072-12-17,18:11,12:26,2016-03-30 18:11:00,2016-03-30 12:26:00,2016-03-30 18:11:00,UTC
B.S.: 2072-12-18A.D.: 2016-03-31,Local: 04:26UTC: 22:41,27.93,85.59,4.1,Sindhupalchok,2016-03-31,2072-12-18,04:26,22:41,2016-03-31 04:26:00,2016-03-31 22:41:00,2016-04-01 04:26:00,UTC
B.S.: 2072-12-22A.D.: 2016-04-04,Local: 09:38UTC: 03:53,29.81,81.51,4.3,Bajhang,2016-04-04,2072-12-22,09:38,03:53,2016-04-04 09:38:00,2016-04-04 03:53:00,2016-04-04 09:38:00,UTC
B.S.: 2072-12-22A.D.: 2016-04-04,Local: 10:16UTC: 04:31,27.72,86.09,4.7,Dolakha,2016-04-04,2072-12-22,10:16,04:31,2016-04-04 10:16:00,2016-04-04 04:31:00,2016-04-04 10:16:00,UTC
B.S.: 2072-12-27A.D.: 2016-04-09,Local: 19:05UTC: 13:20,27.65,85.31,4.5,Lalitpur,2016-04-09,2072-12-27,19:05,13:20,2016-04-09 19:05:00,2016-04-09 13:20:00,2016-04-09 19:05:00,UTC
B.S.: 2072-12-30A.D.: 2016-04-12,Local: 20:26UTC: 14:41,27.56,86.17,4.4,Dolakha,2016-04-12,2072-12-30,20:26,14:41,2016-04-12 20:26:00,2016-04-12 14:41:00,2016-04-12 20:26:00,UTC
B.S.: 2073-01-10A.D.: 2016-04-22,Local: 12:41UTC: 06:56,27.72,86.29,4,Dolakha,2016-04-22,2073-01-10,12:41,06:56,2016-04-22 12:41:00,2016-04-22 06:56:00,2016-04-22 12:41:00,UTC
B.S.: 2073-01-10A.D.: 2016-04-22,Local: 16:49UTC: 11:04,27.79,85.85,4,Sindhupalchok*,2016-04-22,2073-01-10,16:49,11:04,2016-04-22 16:49:00,2016-04-22 11:04:00,2016-04-22 16:49:00,UTC
B.S.: 2073-01-12A.D.: 2016-04-24,Local: 02:16UTC: 20:31,28.08,85.13,4.2,Nuwakot,2016-04-24,2073-01-12,02:16,20:31,2016-04-24 02:16:00,2016-04-24 20:31:00,2016-04-25 02:16:00,UTC
B.S.: 2073-01-14A.D.: 2016-04-26,Local: 15:18UTC: 09:33,28.05,85.38,4.3,Rasuwa,2016-04-26,2073-01-14,15:18,09:33,2016-04-26 15:18:00,2016-04-26 09:33:00,2016-04-26 15:18:00,UTC
B.S.: 2073-01-18A.D.: 2016-04-30,Local: 12:28UTC: 06:43,29.54,81.1,4.2,Bajhang,2016-04-30,2073-01-18,12:28,06:43,2016-04-30 12:28:00,2016-04-30 06:43:00,2016-04-30 12:28:00,UTC
B.S.: 2073-01-22A.D.: 2016-05-04,Local: 11:17UTC: 05:32,29.38,81.88,4,Kalikot,2016-05-04,2073-01-22,11:17,05:32,2016-05-04 11:17:00,2016-05-04 05:32:00,2016-05-04 11:17:00,UTC
B.S.: 2073-01-23A.D.: 2016-05-05,Local: 10:31UTC: 04:46,28.24,84.99,4.1,Dhading,2016-05-05,2073-01-23,10:31,04:46,2016-05-05 10:31:00,2016-05-05 04:46:00,2016-05-05 10:31:00,UTC
B.S.: 2073-01-29A.D.: 2016-05-11,Local: 07:04UTC: 01:19,28.01,84.94,4.4,Dhading,2016-05-11,2073-01-29,07:04,01:19,2016-05-11 07:04:00,2016-05-11 01:19:00,2016-05-11 07:04:00,UTC
B.S.: 2073-01-29A.D.: 2016-05-11,Local: 14:37UTC: 08:52,28.01,84.68,4.5,Gorkha,2016-05-11,2073-01-29,14:37,08:52,2016-05-11 14:37:00,2016-05-11 08:52:00,2016-05-11 14:37:00,UTC
B.S.: 2073-01-31A.D.: 2016-05-13,Local: 01:09UTC: 19:24,27.69,86.24,4.1,Dolakha,2016-05-13,2073-01-31,01:09,19:24,2016-05-13 01:09:00,2016-05-13 19:24:00,2016-05-14 01:09:00,UTC
B.S.: 2073-02-01A.D.: 2016-05-14,Local: 05:05UTC: 23:20,27.97,85.55,4.3,Sindhupalchok,2016-05-14,2073-02-01,05:05,23:20,2016-05-14 05:05:00,2016-05-14 23:20:00,2016-05-15 05:05:00,UTC
B.S.: 2073-02-02A.D.: 2016-05-15,Local: 04:30UTC: 22:45,27.93,85.5,4.4,Sindhupalchok,2016-05-15,2073-02-02,04:30,22:45,2016-05-15 04:30:00,2016-05-15 22:45:00,2016-05-16 04:30:00,UTC
B.S.: 2073-02-11A.D.: 2016-05-24,Local: 00:54UTC: 19:09,27.73,85.16,4.2,Dhading,2016-05-24,2073-02-11,00:54,19:09,2016-05-24 00:54:00,2016-05-24 19:09:00,2016-05-25 00:54:00,UTC
B.S.: 2073-02-15A.D.: 2016-05-28,Local: 15:24UTC: 09:39,27.94,85.5,4.6,Sindhupalchok,2016-05-28,2073-02-15,15:24,09:39,2016-05-28 15:24:00,2016-05-28 09:39:00,2016-05-28 15:24:00,UTC
B.S.: 2073-02-21A.D.: 2016-06-03,Local: 05:10UTC: 23:25,27.96,85.62,4.4,Sindhupalchok,2016-06-03,2073-02-21,05:10,23:25,2016-06-03 05:10:00,2016-06-03 23:25:00,2016-06-04 05:10:00,UTC
B.S.: 2073-02-32A.D.: 2016-06-14,Local: 05:12UTC: 23:27,28.03,84.64,4.3,Gorkha,2016-06-14,2073-02-32,05:12,23:27,2016-06-14 05:12:00,2016-06-14 23:27:00,2016-06-15 05:12:00,UTC
B.S.: 2073-03-07A.D.: 2016-06-21,Local: 11:34UTC: 05:49,27.93,85.21,4.4,Nuwakot,2016-06-21,2073-03-07,11:34,05:49,2016-06-21 11:34:00,2016-06-21 05:49:00,2016-06-21 11:34:00,UTC
B.S.: 2073-03-08A.D.: 2016-06-22,Local: 18:45UTC: 13:00,27.76,86.34,4.1,Dolakha,2016-06-22,2073-03-08,18:45,13:00,2016-06-22 18:45:00,2016-06-22 13:00:00,2016-06-22 18:45:00,UTC
B.S.: 2073-03-15A.D.: 2016-06-29,Local: 14:55UTC: 09:10,29.63,81.28,5,Bajhang,2016-06-29,2073-03-15,14:55,09:10,2016-06-29 14:55:00,2016-06-29 09:10:00,2016-06-29 14:55:00,UTC
B.S.: 2073-03-15A.D.: 2016-06-29,Local: 15:11UTC: 09:26,29.63,81.24,4.2,Bajhang,2016-06-29,2073-03-15,15:11,09:26,2016-06-29 15:11:00,2016-06-29 09:26:00,2016-06-29 15:11:00,UTC
B.S.: 2073-03-18A.D.: 2016-07-02,Local: 18:08UTC: 12:23,29.64,81.28,4.4,Bajhang*,2016-07-02,2073-03-18,18:08,12:23,2016-07-02 18:08:00,2016-07-02 12:23:00,2016-07-02 18:08:00,UTC
B.S.: 2073-03-23A.D.: 2016-07-07,Local: 14:44UTC: 08:59,28.31,84.35,4.3,Lamjung,2016-07-07,2073-03-23,14:44,08:59,2016-07-07 14:44:00,2016-07-07 08:59:00,2016-07-07 14:44:00,UTC
B.S.: 2073-03-23A.D.: 2016-07-07,Local: 17:38UTC: 11:53,27.92,85.66,4.4,Sindhupalchok,2016-07-07,2073-03-23,17:38,11:53,2016-07-07 17:38:00,2016-07-07 11:53:00,2016-07-07 17:38:00,UTC
B.S.: 2073-03-24A.D.: 2016-07-08,Local: 04:08UTC: 22:23,27.84,86.16,4.1,Dolakha,2016-07-08,2073-03-24,04:08,22:23,2016-07-08 04:08:00,2016-07-08 22:23:00,2016-07-09 04:08:00,UTC
B.S.: 2073-04-08A.D.: 2016-07-23,Local: 11:59UTC: 06:14,27.99,84.71,4.1,Gorkha,2016-07-23,2073-04-08,11:59,06:14,2016-07-23 11:59:00,2016-07-23 06:14:00,2016-07-23 11:59:00,UTC
B.S.: 2073-05-11A.D.: 2016-08-27,Local: 17:48UTC: 12:03,29.81,81.56,4,Bajhang,2016-08-27,2073-05-11,17:48,12:03,2016-08-27 17:48:00,2016-08-27 12:03:00,2016-08-27 17:48:00,UTC
B.S.: 2073-05-20A.D.: 2016-09-05,Local: 06:22UTC: 00:37,27.82,86.14,4.1,Dolakha,2016-09-05,2073-05-20,06:22,00:37,2016-09-05 06:22:00,2016-09-05 00:37:00,2016-09-05 06:22:00,UTC
B.S.: 2073-05-20A.D.: 2016-09-05,Local: 07:49UTC: 02:04,27.78,86.35,4.5,Dolakha,2016-09-05,2073-05-20,07:49,02:04,2016-09-05 07:49:00,2016-09-05 02:04:00,2016-09-05 07:49:00,UTC
B.S.: 2073-06-02A.D.: 2016-09-18,Local: 22:57UTC: 17:12,27.91,85.77,4.6,Sindhupalchok,2016-09-18,2073-06-02,22:57,17:12,2016-09-18 22:57:00,2016-09-18 17:12:00,2016-09-18 22:57:00,UTC
B.S.: 2073-06-21A.D.: 2016-10-07,Local: 10:37UTC: 04:52,27.65,86.13,4.2,Dolakha,2016-10-07,2073-06-21,10:37,04:52,2016-10-07 10:37:00,2016-10-07 04:52:00,2016-10-07 10:37:00,UTC
B.S.: 2073-06-25A.D.: 2016-10-11,Local: 12:53UTC: 07:08,27.67,85.95,4.6,Dolakha,2016-10-11,2073-06-25,12:53,07:08,2016-10-11 12:53:00,2016-10-11 07:08:00,2016-10-11 12:53:00,UTC
B.S.: 2073-06-26A.D.: 2016-10-12,Local: 14:14UTC: 08:29,27.66,85.95,4.1,Dolakha,2016-10-12,2073-06-26,14:14,08:29,2016-10-12 14:14:00,2016-10-12 08:29:00,2016-10-12 14:14:00,UTC
B.S.: 2073-06-29A.D.: 2016-10-15,Local: 18:22UTC: 12:37,28.04,85.17,4.1,Rasuwa,2016-10-15,2073-06-29,18:22,12:37,2016-10-15 18:22:00,2016-10-15 12:37:00,2016-10-15 18:22:00,UTC
B.S.: 2073-07-01A.D.: 2016-10-17,Local: 10:03UTC: 04:18,27.87,85.3,4,Nuwakot,2016-10-17,2073-07-01,10:03,04:18,2016-10-17 10:03:00,2016-10-17 04:18:00,2016-10-17 10:03:00,UTC
B.S.: 2073-07-21A.D.: 2016-11-06,Local: 09:47UTC: 04:02,29.69,81.05,4,Bajhang,2016-11-06,2073-07-21,09:47,04:02,2016-11-06 09:47:00,2016-11-06 04:02:00,2016-11-06 09:47:00,UTC
B.S.: 2073-08-13A.D.: 2016-11-28,Local: 05:20UTC: 23:35,27.79,86.58,5.6,Solukhumbu,2016-11-28,2073-08-13,05:20,23:35,2016-11-28 05:20:00,2016-11-28 23:35:00,2016-11-29 05:20:00,UTC
B.S.: 2073-09-19A.D.: 2017-01-03,Local: 12:26UTC: 06:41,29.71,81.57,4,Bajura,2017-01-03,2073-09-19,12:26,06:41,2017-01-03 12:26:00,2017-01-03 06:41:00,2017-01-03 12:26:00,UTC
B.S.: 2073-10-22A.D.: 2017-02-04,Local: 17:58UTC: 12:13,27.73,86.08,4.4,Dolakha,2017-02-04,2073-10-22,17:58,12:13,2017-02-04 17:58:00,2017-02-04 12:13:00,2017-02-04 17:58:00,UTC
B.S.: 2073-10-28A.D.: 2017-02-10,Local: 16:58UTC: 11:13,29.88,80.61,4.1,Darchula,2017-02-10,2073-10-28,16:58,11:13,2017-02-10 16:58:00,2017-02-10 11:13:00,2017-02-10 16:58:00,UTC
B.S.: 2073-11-07A.D.: 2017-02-18,Local: 06:00UTC: 00:15,27.79,84.8,4,Dhading,2017-02-18,2073-11-07,06:00,00:15,2017-02-18 06:00:00,2017-02-18 00:15:00,2017-02-18 06:00:00,UTC
B.S.: 2073-11-16A.D.: 2017-02-27,Local: 09:22UTC: 03:37,27.36,86.12,4.6,Ramechhap*,2017-02-27,2073-11-16,09:22,03:37,2017-02-27 09:22:00,2017-02-27 03:37:00,2017-02-27 09:22:00,UTC
B.S.: 2073-11-16A.D.: 2017-02-27,Local: 10:06UTC: 04:21,27.38,86.13,4.7,Ramechhap,2017-02-27,2073-11-16,10:06,04:21,2017-02-27 10:06:00,2017-02-27 04:21:00,2017-02-27 10:06:00,UTC
B.S.: 2073-11-27A.D.: 2017-03-10,Local: 07:28UTC: 01:43,30.37,81.57,4.1,Humla,2017-03-10,2073-11-27,07:28,01:43,2017-03-10 07:28:00,2017-03-10 01:43:00,2017-03-10 07:28:00,UTC
B.S.: 2074-01-11A.D.: 2017-04-24,Local: 08:49UTC: 03:04,29.75,81.31,4.1,Bajhang,2017-04-24,2074-01-11,08:49,03:04,2017-04-24 08:49:00,2017-04-24 03:04:00,2017-04-24 08:49:00,UTC
B.S.: 2074-01-11A.D.: 2017-04-24,Local: 17:04UTC: 11:19,27.86,85.77,4.2,Sindhupalchok,2017-04-24,2074-01-11,17:04,11:19,2017-04-24 17:04:00,2017-04-24 11:19:00,2017-04-24 17:04:00,UTC
B.S.: 2074-02-16A.D.: 2017-05-30,Local: 11:23UTC: 05:38,29.64,80.97,4.1,Bajhang,2017-05-30,2074-02-16,11:23,05:38,2017-05-30 11:23:00,2017-05-30 05:38:00,2017-05-30 11:23:00,UTC
B.S.: 2074-02-29A.D.: 2017-06-12,Local: 17:39UTC: 11:54,27.62,86.1,4.1,Dolakha,2017-06-12,2074-02-29,17:39,11:54,2017-06-12 17:39:00,2017-06-12 11:54:00,2017-06-12 17:39:00,UTC
B.S.: 2074-02-31A.D.: 2017-06-14,Local: 09:27UTC: 03:42,27.88,88.13,4.1,Taplejung,2017-06-14,2074-02-31,09:27,03:42,2017-06-14 09:27:00,2017-06-14 03:42:00,2017-06-14 09:27:00,UTC
B.S.: 2074-03-14A.D.: 2017-06-28,Local: 00:09UTC: 18:24,27.66,86.41,4.2,Ramechhap,2017-06-28,2074-03-14,00:09,18:24,2017-06-28 00:09:00,2017-06-28 18:24:00,2017-06-29 00:09:00,UTC
B.S.: 2074-03-18A.D.: 2017-07-02,Local: 07:43UTC: 01:58,27.34,86.49,5.1,Okhaldhunga,2017-07-02,2074-03-18,07:43,01:58,2017-07-02 07:43:00,2017-07-02 01:58:00,2017-07-02 07:43:00,UTC
B.S.: 2074-03-31A.D.: 2017-07-15,Local: 10:20UTC: 04:35,28.94,81.75,4,Dailekh,2017-07-15,2074-03-31,10:20,04:35,2017-07-15 10:20:00,2017-07-15 04:35:00,2017-07-15 10:20:00,UTC
B.S.: 2074-04-09A.D.: 2017-07-24,Local: 10:29UTC: 04:44,27.56,85.96,4,Ramechhap,2017-07-24,2074-04-09,10:29,04:44,2017-07-24 10:29:00,2017-07-24 04:44:00,2017-07-24 10:29:00,UTC
B.S.: 2074-05-05A.D.: 2017-08-21,Local: 17:48UTC: 12:03,27.66,86.27,4.6,Dolakha,2017-08-21,2074-05-05,17:48,12:03,2017-08-21 17:48:00,2017-08-21 12:03:00,2017-08-21 17:48:00,UTC
B.S.: 2074-05-06A.D.: 2017-08-22,Local: 18:35UTC: 12:50,29.41,81.1,4.9,Bajhang,2017-08-22,2074-05-06,18:35,12:50,2017-08-22 18:35:00,2017-08-22 12:50:00,2017-08-22 18:35:00,UTC
B.S.: 2074-05-08A.D.: 2017-08-24,Local: 16:25UTC: 10:40,28.06,85.94,4.8,Sindhupalchok-Tibet border,2017-08-24,2074-05-08,16:25,10:40,2017-08-24 16:25:00,2017-08-24 10:40:00,2017-08-24 16:25:00,UTC
B.S.: 2074-06-05A.D.: 2017-09-21,Local: 13:04UTC: 07:19,27.62,86.25,4.6,Dolakha,2017-09-21,2074-06-05,13:04,07:19,2017-09-21 13:04:00,2017-09-21 07:19:00,2017-09-21 13:04:00,UTC
B.S.: 2074-06-16A.D.: 2017-10-02,Local: 07:07UTC: 01:22,28.83,82.55,4.1,Rukum,2017-10-02,2074-06-16,07:07,01:22,2017-10-02 07:07:00,2017-10-02 01:22:00,2017-10-02 07:07:00,UTC
B.S.: 2074-06-29A.D.: 2017-10-15,Local: 17:02UTC: 11:17,28.5,83.32,4.2,Myagdi,2017-10-15,2074-06-29,17:02,11:17,2017-10-15 17:02:00,2017-10-15 11:17:00,2017-10-15 17:02:00,UTC
B.S.: 2074-07-09A.D.: 2017-10-26,Local: 18:36UTC: 12:51,29.08,81.45,4,Achham,2017-10-26,2074-07-09,18:36,12:51,2017-10-26 18:36:00,2017-10-26 12:51:00,2017-10-26 18:36:00,UTC
B.S.: 2074-07-20A.D.: 2017-11-06,Local: 08:54UTC: 03:09,29.78,81.28,4.5,Bajhang,2017-11-06,2074-07-20,08:54,03:09,2017-11-06 08:54:00,2017-11-06 03:09:00,2017-11-06 08:54:00,UTC
B.S.: 2074-08-22A.D.: 2017-12-08,Local: 08:36UTC: 02:51,27.63,86.19,5.2,Dolakha*,2017-12-08,2074-08-22,08:36,02:51,2017-12-08 08:36:00,2017-12-08 02:51:00,2017-12-08 08:36:00,UTC
B.S.: 2074-09-03A.D.: 2017-12-18,Local: 17:18UTC: 11:33,27.96,85.68,4.2,Sindhupalchok,2017-12-18,2074-09-03,17:18,11:33,2017-12-18 17:18:00,2017-12-18 11:33:00,2017-12-18 17:18:00,UTC
B.S.: 2074-09-13A.D.: 2017-12-28,Local: 13:30UTC: 07:45,29.82,80.76,4.5,Darchula,2017-12-28,2074-09-13,13:30,07:45,2017-12-28 13:30:00,2017-12-28 07:45:00,2017-12-28 13:30:00,UTC
B.S.: 2074-10-05A.D.: 2018-01-19,Local: 08:38UTC: 02:53,27.72,86.01,4.3,Dolakha,2018-01-19,2074-10-05,08:38,02:53,2018-01-19 08:38:00,2018-01-19 02:53:00,2018-01-19 08:38:00,UTC
B.S.: 2074-11-09A.D.: 2018-02-21,Local: 21:44UTC: 15:59,28.07,85.96,4.3,Tibet,2018-02-21,2074-11-09,21:44,15:59,2018-02-21 21:44:00,2018-02-21 15:59:00,2018-02-21 21:44:00,UTC
B.S.: 2074-11-14A.D.: 2018-02-26,Local: 00:45UTC: 19:00,27.7,86.33,4.7,Dolakha,2018-02-26,2074-11-14,00:45,19:00,2018-02-26 00:45:00,2018-02-26 19:00:00,2018-02-27 00:45:00,UTC
B.S.: 2074-11-18A.D.: 2018-03-02,Local: 10:51UTC: 05:06,27.7,86.33,4.6,Dolakha,2018-03-02,2074-11-18,10:51,05:06,2018-03-02 10:51:00,2018-03-02 05:06:00,2018-03-02 10:51:00,UTC
B.S.: 2075-01-22A.D.: 2018-05-05,Local: 20:49UTC: 15:04,27.74,88.13,4.4,Taplejung,2018-05-05,2075-01-22,20:49,15:04,2018-05-05 20:49:00,2018-05-05 15:04:00,2018-05-05 20:49:00,UTC
B.S.: 2075-02-10A.D.: 2018-05-24,Local: 20:10UTC: 14:25,29.98,80.54,4.6,Dharchula,2018-05-24,2075-02-10,20:10,14:25,2018-05-24 20:10:00,2018-05-24 14:25:00,2018-05-24 20:10:00,UTC
B.S.: 2075-02-17A.D.: 2018-05-31,Local: 21:45UTC: 16:00,28.9,81.77,4.3,Dailekh,2018-05-31,2075-02-17,21:45,16:00,2018-05-31 21:45:00,2018-05-31 16:00:00,2018-05-31 21:45:00,UTC
B.S.: 2075-02-17A.D.: 2018-05-31,Local: 02:17UTC: 20:32,28.17,84.89,4.1,gorkha,2018-05-31,2075-02-17,02:17,20:32,2018-05-31 02:17:00,2018-05-31 20:32:00,2018-06-01 02:17:00,UTC
B.S.: 2075-02-18A.D.: 2018-06-01,Local: 21:07UTC: 15:22,27.68,86.11,4.3,Dolakha,2018-06-01,2075-02-18,21:07,15:22,2018-06-01 21:07:00,2018-06-01 15:22:00,2018-06-01 21:07:00,UTC
B.S.: 2075-02-22A.D.: 2018-06-05,Local: 07:19UTC: 01:34,29.68,81.65,4.9,Bajura,2018-06-05,2075-02-22,07:19,01:34,2018-06-05 07:19:00,2018-06-05 01:34:00,2018-06-05 07:19:00,UTC
B.S.: 2075-03-06A.D.: 2018-06-20,Local: 09:54UTC: 04:09,27.36,88.01,4.8,Taplejung,2018-06-20,2075-03-06,09:54,04:09,2018-06-20 09:54:00,2018-06-20 04:09:00,2018-06-20 09:54:00,UTC
B.S.: 2075-03-06A.D.: 2018-06-20,Local: 10:00UTC: 04:15,27.31,87.9,4.7,Taplejung,2018-06-20,2075-03-06,10:00,04:15,2018-06-20 10:00:00,2018-06-20 04:15:00,2018-06-20 10:00:00,UTC
B.S.: 2075-03-14A.D.: 2018-06-28,Local: 09:52UTC: 04:07,27.87,84.91,5,Dhading,2018-06-28,2075-03-14,09:52,04:07,2018-06-28 09:52:00,2018-06-28 04:07:00,2018-06-28 09:52:00,UTC
B.S.: 2075-03-21A.D.: 2018-07-05,Local: 07:21UTC: 01:36,28.11,85.04,4.1,Dhading,2018-07-05,2075-03-21,07:21,01:36,2018-07-05 07:21:00,2018-07-05 01:36:00,2018-07-05 07:21:00,UTC
B.S.: 2075-03-29A.D.: 2018-07-13,Local: 08:58UTC: 03:13,29.57,81.56,4.1,Bajura,2018-07-13,2075-03-29,08:58,03:13,2018-07-13 08:58:00,2018-07-13 03:13:00,2018-07-13 08:58:00,UTC
B.S.: 2075-04-01A.D.: 2018-07-17,Local: 22:52UTC: 17:07,27.82,84.81,4.4,Dhading,2018-07-17,2075-04-01,22:52,17:07,2018-07-17 22:52:00,2018-07-17 17:07:00,2018-07-17 22:52:00,UTC
B.S.: 2075-04-02A.D.: 2018-07-18,Local: 11:15UTC: 05:30,29.02,81.51,4.2,Dailekh,2018-07-18,2075-04-02,11:15,05:30,2018-07-18 11:15:00,2018-07-18 05:30:00,2018-07-18 11:15:00,UTC
B.S.: 2075-04-08A.D.: 2018-07-24,Local: 08:30UTC: 02:45,27.75,84.87,4.8,Dhading*,2018-07-24,2075-04-08,08:30,02:45,2018-07-24 08:30:00,2018-07-24 02:45:00,2018-07-24 08:30:00,UTC
B.S.: 2075-04-08A.D.: 2018-07-24,Local: 17:44UTC: 11:59,27.94,85.51,4.3,Sindhupalchok,2018-07-24,2075-04-08,17:44,11:59,2018-07-24 17:44:00,2018-07-24 11:59:00,2018-07-24 17:44:00,UTC
B.S.: 2075-04-17A.D.: 2018-08-02,Local: 14:32UTC: 08:47,27.66,86.1,4.2,Dolakha,2018-08-02,2075-04-17,14:32,08:47,2018-08-02 14:32:00,2018-08-02 08:47:00,2018-08-02 14:32:00,UTC
B.S.: 2075-05-08A.D.: 2018-08-24,Local: 18:16UTC: 12:31,27.5,88.04,4.5,Taplejung,2018-08-24,2075-05-08,18:16,12:31,2018-08-24 18:16:00,2018-08-24 12:31:00,2018-08-24 18:16:00,UTC
B.S.: 2075-05-13A.D.: 2018-08-29,Local: 23:35UTC: 17:50,27.79,87.41,4.2,Sankhuwasabha,2018-08-29,2075-05-13,23:35,17:50,2018-08-29 23:35:00,2018-08-29 17:50:00,2018-08-29 23:35:00,UTC
B.S.: 2075-06-03A.D.: 2018-09-19,Local: 01:42UTC: 19:57,28.57,82.88,4,Rukum East,2018-09-19,2075-06-03,01:42,19:57,2018-09-19 01:42:00,2018-09-19 19:57:00,2018-09-20 01:42:00,UTC
B.S.: 2075-06-19A.D.: 2018-10-05,Local: 12:53UTC: 07:08,28.94,81.74,4,Dailekh,2018-10-05,2075-06-19,12:53,07:08,2018-10-05 12:53:00,2018-10-05 07:08:00,2018-10-05 12:53:00,UTC
B.S.: 2075-06-19A.D.: 2018-10-05,Local: 21:45UTC: 16:00,28.93,81.7,4,Dailekh,2018-10-05,2075-06-19,21:45,16:00,2018-10-05 21:45:00,2018-10-05 16:00:00,2018-10-05 21:45:00,UTC
B.S.: 2075-06-20A.D.: 2018-10-06,Local: 10:52UTC: 05:07,28.94,81.72,4.3,Dailekh,2018-10-06,2075-06-20,10:52,05:07,2018-10-06 10:52:00,2018-10-06 05:07:00,2018-10-06 10:52:00,UTC
B.S.: 2075-07-08A.D.: 2018-10-25,Local: 07:07UTC: 01:22,27.72,86.02,4,Dolakha,2018-10-25,2075-07-08,07:07,01:22,2018-10-25 07:07:00,2018-10-25 01:22:00,2018-10-25 07:07:00,UTC
B.S.: 2075-09-07A.D.: 2018-12-22,Local: 05:06UTC: 23:21,27.85,85.76,4.7,Sindhupalchok,2018-12-22,2075-09-07,05:06,23:21,2018-12-22 05:06:00,2018-12-22 23:21:00,2018-12-23 05:06:00,UTC
B.S.: 2075-09-26A.D.: 2019-01-10,Local: 11:34UTC: 05:49,27.6,86.31,4.5,Ramechhap,2019-01-10,2075-09-26,11:34,05:49,2019-01-10 11:34:00,2019-01-10 05:49:00,2019-01-10 11:34:00,UTC
B.S.: 2075-10-08A.D.: 2019-01-22,Local: 22:30UTC: 16:45,27.09,86.96,4.5,Bhojpur,2019-01-22,2075-10-08,22:30,16:45,2019-01-22 22:30:00,2019-01-22 16:45:00,2019-01-22 22:30:00,UTC
B.S.: 2075-11-02A.D.: 2019-02-14,Local: 17:11UTC: 11:26,27.81,88.18,4.6,Taplejung,2019-02-14,2075-11-02,17:11,11:26,2019-02-14 17:11:00,2019-02-14 11:26:00,2019-02-14 17:11:00,UTC
B.S.: 2075-11-04A.D.: 2019-02-16,Local: 20:34UTC: 14:49,27.68,85.27,4,Kathmandu,2019-02-16,2075-11-04,20:34,14:49,2019-02-16 20:34:00,2019-02-16 14:49:00,2019-02-16 20:34:00,UTC
B.S.: 2075-11-14A.D.: 2019-02-26,Local: 16:15UTC: 10:30,27.66,86,4.4,Dolakha,2019-02-26,2075-11-14,16:15,10:30,2019-02-26 16:15:00,2019-02-26 10:30:00,2019-02-26 16:15:00,UTC
B.S.: 2075-11-14A.D.: 2019-02-26,Local: 16:20UTC: 10:35,27.84,85.95,4.1,Sindhupalchok,2019-02-26,2075-11-14,16:20,10:35,2019-02-26 16:20:00,2019-02-26 10:35:00,2019-02-26 16:20:00,UTC
B.S.: 2075-12-04A.D.: 2019-03-18,Local: 09:01UTC: 03:16,27.63,85.16,4.1,Makawanpur,2019-03-18,2075-12-04,09:01,03:16,2019-03-18 09:01:00,2019-03-18 03:16:00,2019-03-18 09:01:00,UTC
B.S.: 2075-12-18A.D.: 2019-04-01,Local: 20:47UTC: 15:02,28.98,81.69,4.1,Dailekh,2019-04-01,2075-12-18,20:47,15:02,2019-04-01 20:47:00,2019-04-01 15:02:00,2019-04-01 20:47:00,UTC
B.S.: 2075-12-26A.D.: 2019-04-09,Local: 13:05UTC: 07:20,27.76,86.27,4.2,Dolakha,2019-04-09,2075-12-26,13:05,07:20,2019-04-09 13:05:00,2019-04-09 07:20:00,2019-04-09 13:05:00,UTC
B.S.: 2075-12-30A.D.: 2019-04-13,Local: 10:25UTC: 04:40,28.03,85.38,4.6,Rasuwa*,2019-04-13,2075-12-30,10:25,04:40,2019-04-13 10:25:00,2019-04-13 04:40:00,2019-04-13 10:25:00,UTC
B.S.: 2076-01-01A.D.: 2019-04-14,Local: 04:27UTC: 22:42,29.49,81.24,4.8,Bajhang,2019-04-14,2076-01-01,04:27,22:42,2019-04-14 04:27:00,2019-04-14 22:42:00,2019-04-15 04:27:00,UTC
B.S.: 2076-01-03A.D.: 2019-04-16,Local: 12:35UTC: 06:50,28,84.76,4.5,Gorkha,2019-04-16,2076-01-03,12:35,06:50,2019-04-16 12:35:00,2019-04-16 06:50:00,2019-04-16 12:35:00,UTC
B.S.: 2076-01-11A.D.: 2019-04-24,Local: 06:29UTC: 00:44,27.69,85.17,5.2,Dhading,2019-04-24,2076-01-11,06:29,00:44,2019-04-24 06:29:00,2019-04-24 00:44:00,2019-04-24 06:29:00,UTC
B.S.: 2076-01-11A.D.: 2019-04-24,Local: 06:40UTC: 00:55,27.7,85.14,4.3,Dhading,2019-04-24,2076-01-11,06:40,00:55,2019-04-24 06:40:00,2019-04-24 00:55:00,2019-04-24 06:40:00,UTC
B.S.: 2076-01-16A.D.: 2019-04-29,Local: 11:35UTC: 05:50,27.93,85.94,4,Sindhupalchok,2019-04-29,2076-01-16,11:35,05:50,2019-04-29 11:35:00,2019-04-29 05:50:00,2019-04-29 11:35:00,UTC
B.S.: 2076-01-21A.D.: 2019-05-04,Local: 08:37UTC: 02:52,27.94,85.72,4,Sindhupalchok,2019-05-04,2076-01-21,08:37,02:52,2019-05-04 08:37:00,2019-05-04 02:52:00,2019-05-04 08:37:00,UTC
B.S.: 2076-01-28A.D.: 2019-05-11,Local: 00:36UTC: 18:51,28.98,81.78,5.1,Dailekh,2019-05-11,2076-01-28,00:36,18:51,2019-05-11 00:36:00,2019-05-11 18:51:00,2019-05-12 00:36:00,UTC
B.S.: 2076-02-03A.D.: 2019-05-17,Local: 14:08UTC: 08:23,27.85,84.87,5,Dhading,2019-05-17,2076-02-03,14:08,08:23,2019-05-17 14:08:00,2019-05-17 08:23:00,2019-05-17 14:08:00,UTC
B.S.: 2076-02-07A.D.: 2019-05-21,Local: 23:47UTC: 18:02,28.21,84.37,4.1,Lamjung,2019-05-21,2076-02-07,23:47,18:02,2019-05-21 23:47:00,2019-05-21 18:02:00,2019-05-21 23:47:00,UTC
B.S.: 2076-02-11A.D.: 2019-05-25,Local: 11:02UTC: 05:17,27.7,86.47,4.9,Ramechhap,2019-05-25,2076-02-11,11:02,05:17,2019-05-25 11:02:00,2019-05-25 05:17:00,2019-05-25 11:02:00,UTC
B.S.: 2076-02-11A.D.: 2019-05-25,Local: 21:08UTC: 15:23,29.5,81.28,4.3,Bajhang,2019-05-25,2076-02-11,21:08,15:23,2019-05-25 21:08:00,2019-05-25 15:23:00,2019-05-25 21:08:00,UTC
B.S.: 2076-02-16A.D.: 2019-05-30,Local: 10:01UTC: 04:16,29.62,82.11,4.6,Mugu,2019-05-30,2076-02-16,10:01,04:16,2019-05-30 10:01:00,2019-05-30 04:16:00,2019-05-30 10:01:00,UTC
B.S.: 2076-02-31A.D.: 2019-06-14,Local: 12:22UTC: 06:37,29.52,81.05,4,Bajhang,2019-06-14,2076-02-31,12:22,06:37,2019-06-14 12:22:00,2019-06-14 06:37:00,2019-06-14 12:22:00,UTC
B.S.: 2076-02-32A.D.: 2019-06-15,Local: 21:32UTC: 15:47,28.95,81.98,4.5,Jajarkot,2019-06-15,2076-02-32,21:32,15:47,2019-06-15 21:32:00,2019-06-15 15:47:00,2019-06-15 21:32:00,UTC
B.S.: 2076-03-12A.D.: 2019-06-27,Local: 22:21UTC: 16:36,27.95,84.8,4,Dhading,2019-06-27,2076-03-12,22:21,16:36,2019-06-27 22:21:00,2019-06-27 16:36:00,2019-06-27 22:21:00,UTC
B.S.: 2076-03-21A.D.: 2019-07-06,Local: 16:15UTC: 10:30,27.67,85.42,4.6,Bhaktapur,2019-07-06,2076-03-21,16:15,10:30,2019-07-06 16:15:00,2019-07-06 10:30:00,2019-07-06 16:15:00,UTC
B.S.: 2076-04-08A.D.: 2019-07-24,Local: 17:58UTC: 12:13,27.8,86.15,4.2,Dolakha,2019-07-24,2076-04-08,17:58,12:13,2019-07-24 17:58:00,2019-07-24 12:13:00,2019-07-24 17:58:00,UTC
B.S.: 2076-04-24A.D.: 2019-08-09,Local: 18:26UTC: 12:41,28.5,83.22,4.7,Baglung,2019-08-09,2076-04-24,18:26,12:41,2019-08-09 18:26:00,2019-08-09 12:41:00,2019-08-09 18:26:00,UTC
B.S.: 2076-04-29A.D.: 2019-08-14,Local: 23:09UTC: 17:24,27.69,86.26,4.3,Dolakha,2019-08-14,2076-04-29,23:09,17:24,2019-08-14 23:09:00,2019-08-14 17:24:00,2019-08-14 23:09:00,UTC
B.S.: 2076-05-05A.D.: 2019-08-22,Local: 07:07UTC: 01:22,27.52,86.39,4,Solukhumbu*,2019-08-22,2076-05-05,07:07,01:22,2019-08-22 07:07:00,2019-08-22 01:22:00,2019-08-22 07:07:00,UTC
B.S.: 2076-05-29A.D.: 2019-09-15,Local: 10:54UTC: 05:09,30.3,81.74,5,Humla,2019-09-15,2076-05-29,10:54,05:09,2019-09-15 10:54:00,2019-09-15 05:09:00,2019-09-15 10:54:00,UTC
B.S.: 2076-05-30A.D.: 2019-09-16,Local: 20:18UTC: 14:33,29.8,80.48,4.4,Darchula-India Border,2019-09-16,2076-05-30,20:18,14:33,2019-09-16 20:18:00,2019-09-16 14:33:00,2019-09-16 20:18:00,UTC
B.S.: 2076-05-31A.D.: 2019-09-17,Local: 09:53UTC: 04:08,28.21,84.49,4.5,Lamjung,2019-09-17,2076-05-31,09:53,04:08,2019-09-17 09:53:00,2019-09-17 04:08:00,2019-09-17 09:53:00,UTC
B.S.: 2076-06-04A.D.: 2019-09-21,Local: 06:19UTC: 00:34,28.15,84.61,4,Gorkha,2019-09-21,2076-06-04,06:19,00:34,2019-09-21 06:19:00,2019-09-21 00:34:00,2019-09-21 06:19:00,UTC
B.S.: 2076-06-05A.D.: 2019-09-22,Local: 22:01UTC: 16:16,28.25,84.49,4.4,Lamjung,2019-09-22,2076-06-05,22:01,16:16,2019-09-22 22:01:00,2019-09-22 16:16:00,2019-09-22 22:01:00,UTC
B.S.: 2076-06-08A.D.: 2019-09-25,Local: 01:18UTC: 19:33,27.71,86.32,4,Dolakha,2019-09-25,2076-06-08,01:18,19:33,2019-09-25 01:18:00,2019-09-25 19:33:00,2019-09-26 01:18:00,UTC
B.S.: 2076-06-09A.D.: 2019-09-26,Local: 18:49UTC: 13:04,28.28,84.65,4.7,Lamjung,2019-09-26,2076-06-09,18:49,13:04,2019-09-26 18:49:00,2019-09-26 13:04:00,2019-09-26 18:49:00,UTC
B.S.: 2076-06-11A.D.: 2019-09-28,Local: 10:43UTC: 04:58,30,81.45,4.3,Bajhang,2019-09-28,2076-06-11,10:43,04:58,2019-09-28 10:43:00,2019-09-28 04:58:00,2019-09-28 10:43:00,UTC
B.S.: 2076-06-12A.D.: 2019-09-29,Local: 07:27UTC: 01:42,28.66,83.06,4.4,Rukum East,2019-09-29,2076-06-12,07:27,01:42,2019-09-29 07:27:00,2019-09-29 01:42:00,2019-09-29 07:27:00,UTC
B.S.: 2076-07-03A.D.: 2019-10-20,Local: 01:09UTC: 19:24,27.82,87.98,4.2,Taplejung,2019-10-20,2076-07-03,01:09,19:24,2019-10-20 01:09:00,2019-10-20 19:24:00,2019-10-21 01:09:00,UTC
B.S.: 2076-07-05A.D.: 2019-10-22,Local: 11:06UTC: 05:21,26.88,86.59,4.1,Udayapur,2019-10-22,2076-07-05,11:06,05:21,2019-10-22 11:06:00,2019-10-22 05:21:00,2019-10-22 11:06:00,UTC
B.S.: 2076-07-11A.D.: 2019-10-28,Local: 19:27UTC: 13:42,29.66,82.04,4.1,Mugu,2019-10-28,2076-07-11,19:27,13:42,2019-10-28 19:27:00,2019-10-28 13:42:00,2019-10-28 19:27:00,UTC
B.S.: 2076-07-14A.D.: 2019-10-31,Local: 03:51UTC: 22:06,28.45,83.23,4.5,Baglung,2019-10-31,2076-07-14,03:51,22:06,2019-10-31 03:51:00,2019-10-31 22:06:00,2019-11-01 03:51:00,UTC
B.S.: 2076-07-26A.D.: 2019-11-12,Local: 07:45UTC: 02:00,30.2,80.1,4.6,India,2019-11-12,2076-07-26,07:45,02:00,2019-11-12 07:45:00,2019-11-12 02:00:00,2019-11-12 07:45:00,UTC
B.S.: 2076-08-03A.D.: 2019-11-19,Local: 19:15UTC: 13:30,29.42,81.1,5.7,Bajhang,2019-11-19,2076-08-03,19:15,13:30,2019-11-19 19:15:00,2019-11-19 13:30:00,2019-11-19 19:15:00,UTC
B.S.: 2076-08-11A.D.: 2019-11-27,Local: 22:08UTC: 16:23,27.79,85.79,5,Sindhupalchok,2019-11-27,2076-08-11,22:08,16:23,2019-11-27 22:08:00,2019-11-27 16:23:00,2019-11-27 22:08:00,UTC
B.S.: 2076-08-26A.D.: 2019-12-12,Local: 19:11UTC: 13:26,27.95,85.59,4.8,Sindhupalchok,2019-12-12,2076-08-26,19:11,13:26,2019-12-12 19:11:00,2019-12-12 13:26:00,2019-12-12 19:11:00,UTC
B.S.: 2076-09-27A.D.: 2020-01-12,Local: 20:19UTC: 14:34,29.58,81.71,4.5,Bajura,2020-01-12,2076-09-27,20:19,14:34,2020-01-12 20:19:00,2020-01-12 14:34:00,2020-01-12 20:19:00,UTC
B.S.: 2076-09-27A.D.: 2020-01-12,Local: 02:07UTC: 20:22,29.59,81.73,4.2,Bajura,2020-01-12,2076-09-27,02:07,20:22,2020-01-12 02:07:00,2020-01-12 20:22:00,2020-01-13 02:07:00,UTC
B.S.: 2076-10-14A.D.: 2020-01-28,Local: 07:59UTC: 02:14,29.61,81.71,4.2,Bajura*,2020-01-28,2076-10-14,07:59,02:14,2020-01-28 07:59:00,2020-01-28 02:14:00,2020-01-28 07:59:00,UTC
B.S.: 2076-11-07A.D.: 2020-02-19,Local: 21:13UTC: 15:28,29.71,81.96,4.3,Bajura,2020-02-19,2076-11-07,21:13,15:28,2020-02-19 21:13:00,2020-02-19 15:28:00,2020-02-19 21:13:00,UTC
B.S.: 2076-11-21A.D.: 2020-03-04,Local: 19:17UTC: 13:32,27.79,86.18,4.3,Dolakha,2020-03-04,2076-11-21,19:17,13:32,2020-03-04 19:17:00,2020-03-04 13:32:00,2020-03-04 19:17:00,UTC
B.S.: 2076-12-02A.D.: 2020-03-15,Local: 20:45UTC: 15:00,28.34,83.8,5,Kaski,2020-03-15,2076-12-02,20:45,15:00,2020-03-15 20:45:00,2020-03-15 15:00:00,2020-03-15 20:45:00,UTC
B.S.: 2076-12-12A.D.: 2020-03-25,Local: 18:36UTC: 12:51,28.01,84.97,4,Dhading,2020-03-25,2076-12-12,18:36,12:51,2020-03-25 18:36:00,2020-03-25 12:51:00,2020-03-25 18:36:00,UTC
B.S.: 2076-12-20A.D.: 2020-04-02,Local: 20:55UTC: 15:10,29.58,80.96,4,Bajhang,2020-04-02,2076-12-20,20:55,15:10,2020-04-02 20:55:00,2020-04-02 15:10:00,2020-04-02 20:55:00,UTC
B.S.: 2077-01-03A.D.: 2020-04-15,Local: 00:55UTC: 19:10,27.55,86.59,4.7,Solukhumbu,2020-04-15,2077-01-03,00:55,19:10,2020-04-15 00:55:00,2020-04-15 19:10:00,2020-04-16 00:55:00,UTC
B.S.: 2077-01-30A.D.: 2020-05-12,Local: 23:53UTC: 18:08,27.65,86.15,5.3,Dolakha,2020-05-12,2077-01-30,23:53,18:08,2020-05-12 23:53:00,2020-05-12 18:08:00,2020-05-12 23:53:00,UTC
B.S.: 2077-02-13A.D.: 2020-05-26,Local: 16:00UTC: 10:15,29.73,82.01,4.2,Humla,2020-05-26,2077-02-13,16:00,10:15,2020-05-26 16:00:00,2020-05-26 10:15:00,2020-05-26 16:00:00,UTC
B.S.: 2077-02-17A.D.: 2020-05-30,Local: 21:36UTC: 15:51,27.85,84.93,4.8,Dhading,2020-05-30,2077-02-17,21:36,15:51,2020-05-30 21:36:00,2020-05-30 15:51:00,2020-05-30 21:36:00,UTC
B.S.: 2077-03-02A.D.: 2020-06-16,Local: 09:53UTC: 04:08,27.88,86.2,4.1,Dolakha,2020-06-16,2077-03-02,09:53,04:08,2020-06-16 09:53:00,2020-06-16 04:08:00,2020-06-16 09:53:00,UTC
B.S.: 2077-04-31A.D.: 2020-08-15,Local: 16:07UTC: 10:22,27.8,87.62,4.2,Sankhuwasabha,2020-08-15,2077-04-31,16:07,10:22,2020-08-15 16:07:00,2020-08-15 10:22:00,2020-08-15 16:07:00,UTC
B.S.: 2077-05-09A.D.: 2020-08-25,Local: 21:09UTC: 15:24,29.59,80.89,4.7,Bajhang,2020-08-25,2077-05-09,21:09,15:24,2020-08-25 21:09:00,2020-08-25 15:24:00,2020-08-25 21:09:00,UTC
B.S.: 2077-05-19A.D.: 2020-09-04,Local: 07:20UTC: 01:35,27.58,87.19,4,Sankhuwasabha,2020-09-04,2077-05-19,07:20,01:35,2020-09-04 07:20:00,2020-09-04 01:35:00,2020-09-04 07:20:00,UTC
B.S.: 2077-05-24A.D.: 2020-09-09,Local: 15:48UTC: 10:03,27.92,84.94,4,Dhading,2020-09-09,2077-05-24,15:48,10:03,2020-09-09 15:48:00,2020-09-09 10:03:00,2020-09-09 15:48:00,UTC
B.S.: 2077-05-26A.D.: 2020-09-11,Local: 09:30UTC: 03:45,26.76,88.21,5,Jhapa/India,2020-09-11,2077-05-26,09:30,03:45,2020-09-11 09:30:00,2020-09-11 03:45:00,2020-09-11 09:30:00,UTC
B.S.: 2077-05-30A.D.: 2020-09-15,Local: 05:19UTC: 23:34,27.77,85.88,6,Sindhupalchok,2020-09-15,2077-05-30,05:19,23:34,2020-09-15 05:19:00,2020-09-15 23:34:00,2020-09-16 05:19:00,UTC
B.S.: 2077-07-08A.D.: 2020-10-24,Local: 16:17UTC: 10:32,27.62,86.24,4,Dolakha,2020-10-24,2077-07-08,16:17,10:32,2020-10-24 16:17:00,2020-10-24 10:32:00,2020-10-24 16:17:00,UTC
B.S.: 2077-07-12A.D.: 2020-10-28,Local: 00:19UTC: 18:34,29.58,80.81,4.2,Bajhang,2020-10-28,2077-07-12,00:19,18:34,2020-10-28 00:19:00,2020-10-28 18:34:00,2020-10-29 00:19:00,UTC
B.S.: 2077-07-23A.D.: 2020-11-08,Local: 03:29UTC: 21:44,27.73,87.87,4.9,Taplejung,2020-11-08,2077-07-23,03:29,21:44,2020-11-08 03:29:00,2020-11-08 21:44:00,2020-11-09 03:29:00,UTC
B.S.: 2077-08-17A.D.: 2020-12-02,Local: 13:42UTC: 07:57,27.75,85.87,4.2,Sindhupalchok*,2020-12-02,2077-08-17,13:42,07:57,2020-12-02 13:42:00,2020-12-02 07:57:00,2020-12-02 13:42:00,UTC
B.S.: 2077-08-23A.D.: 2020-12-08,Local: 19:08UTC: 13:23,27.77,87.86,4.2,Taplejung,2020-12-08,2077-08-23,19:08,13:23,2020-12-08 19:08:00,2020-12-08 13:23:00,2020-12-08 19:08:00,UTC
B.S.: 2077-09-14A.D.: 2020-12-29,Local: 01:49UTC: 20:04,27.66,86.34,4.6,Ramechhap,2020-12-29,2077-09-14,01:49,20:04,2020-12-29 01:49:00,2020-12-29 20:04:00,2020-12-30 01:49:00,UTC
B.S.: 2077-09-19A.D.: 2021-01-03,Local: 10:44UTC: 04:59,27.66,87.62,4.4,Taplejung,2021-01-03,2077-09-19,10:44,04:59,2021-01-03 10:44:00,2021-01-03 04:59:00,2021-01-03 10:44:00,UTC
B.S.: 2077-09-28A.D.: 2021-01-12,Local: 09:48UTC: 04:03,29.89,80.7,4.2,Darchula,2021-01-12,2077-09-28,09:48,04:03,2021-01-12 09:48:00,2021-01-12 04:03:00,2021-01-12 09:48:00,UTC
B.S.: 2077-10-01A.D.: 2021-01-14,Local: 17:25UTC: 11:40,27.66,86.18,4,Dolakha,2021-01-14,2077-10-01,17:25,11:40,2021-01-14 17:25:00,2021-01-14 11:40:00,2021-01-14 17:25:00,UTC
B.S.: 2077-10-20A.D.: 2021-02-02,Local: 21:59UTC: 16:14,28.78,84.1,5.3,Manang,2021-02-02,2077-10-20,21:59,16:14,2021-02-02 21:59:00,2021-02-02 16:14:00,2021-02-02 21:59:00,UTC
B.S.: 2077-10-22A.D.: 2021-02-04,Local: 03:58UTC: 22:13,27.78,88.15,4.5,Taplejung,2021-02-04,2077-10-22,03:58,22:13,2021-02-04 03:58:00,2021-02-04 22:13:00,2021-02-05 03:58:00,UTC
B.S.: 2077-10-27A.D.: 2021-02-09,Local: 07:35UTC: 01:50,27.89,87.91,5.4,Taplejung,2021-02-09,2077-10-27,07:35,01:50,2021-02-09 07:35:00,2021-02-09 01:50:00,2021-02-09 07:35:00,UTC
B.S.: 2077-11-19A.D.: 2021-03-03,Local: 18:43UTC: 12:58,27.79,86.35,4.2,Dolakha,2021-03-03,2077-11-19,18:43,12:58,2021-03-03 18:43:00,2021-03-03 12:58:00,2021-03-03 18:43:00,UTC
B.S.: 2077-12-05A.D.: 2021-03-18,Local: 10:05UTC: 04:20,27.5,85.63,4.1,Kavrepalanchok,2021-03-18,2077-12-05,10:05,04:20,2021-03-18 10:05:00,2021-03-18 04:20:00,2021-03-18 10:05:00,UTC
B.S.: 2077-12-23A.D.: 2021-04-05,Local: 21:04UTC: 15:19,26.75,89.09,5.8,"Binnaguri, India",2021-04-05,2077-12-23,21:04,15:19,2021-04-05 21:04:00,2021-04-05 15:19:00,2021-04-05 21:04:00,UTC
B.S.: 2078-02-04A.D.: 2021-05-18,Local: 05:42UTC: 23:57,28.28,84.39,5.8,Lamjung,2021-05-18,2078-02-04,05:42,23:57,2021-05-18 05:42:00,2021-05-18 23:57:00,2021-05-19 05:42:00,UTC
B.S.: 2078-02-05A.D.: 2021-05-19,Local: 08:16UTC: 02:31,28.26,84.35,4,Lamjung,2021-05-19,2078-02-05,08:16,02:31,2021-05-19 08:16:00,2021-05-19 02:31:00,2021-05-19 08:16:00,UTC
B.S.: 2078-02-05A.D.: 2021-05-19,Local: 08:17UTC: 02:32,28.26,84.36,4.1,Lamjung,2021-05-19,2078-02-05,08:17,02:32,2021-05-19 08:17:00,2021-05-19 02:32:00,2021-05-19 08:17:00,UTC
B.S.: 2078-02-05A.D.: 2021-05-19,Local: 08:26UTC: 02:41,28.27,84.4,5.3,Lamjung,2021-05-19,2078-02-05,08:26,02:41,2021-05-19 08:26:00,2021-05-19 02:41:00,2021-05-19 08:26:00,UTC
B.S.: 2078-02-05A.D.: 2021-05-19,Local: 21:23UTC: 15:38,28.27,84.42,4,Lamjung,2021-05-19,2078-02-05,21:23,15:38,2021-05-19 21:23:00,2021-05-19 15:38:00,2021-05-19 21:23:00,UTC
B.S.: 2078-02-05A.D.: 2021-05-19,Local: 22:39UTC: 16:54,28.24,84.41,4.5,Lamjung,2021-05-19,2078-02-05,22:39,16:54,2021-05-19 22:39:00,2021-05-19 16:54:00,2021-05-19 22:39:00,UTC
B.S.: 2078-03-15A.D.: 2021-06-29,Local: 14:20UTC: 08:35,27.3,87.26,4,Sankhuwasabha,2021-06-29,2078-03-15,14:20,08:35,2021-06-29 14:20:00,2021-06-29 08:35:00,2021-06-29 14:20:00,UTC
B.S.: 2078-03-18A.D.: 2021-07-02,Local: 22:02UTC: 16:17,29.79,81.59,4.1,Bajura,2021-07-02,2078-03-18,22:02,16:17,2021-07-02 22:02:00,2021-07-02 16:17:00,2021-07-02 22:02:00,UTC
B.S.: 2078-03-23A.D.: 2021-07-07,Local: 15:57UTC: 10:12,28.13,84.56,4.2,Lamjung*,2021-07-07,2078-03-23,15:57,10:12,2021-07-07 15:57:00,2021-07-07 10:12:00,2021-07-07 15:57:00,UTC
B.S.: 2078-04-03A.D.: 2021-07-18,Local: 20:59UTC: 15:14,28.98,81.47,4.3,Dailekh,2021-07-18,2078-04-03,20:59,15:14,2021-07-18 20:59:00,2021-07-18 15:14:00,2021-07-18 20:59:00,UTC
B.S.: 2078-04-08A.D.: 2021-07-23,Local: 18:57UTC: 13:12,27.28,86.9,4.2,Khotang,2021-07-23,2078-04-08,18:57,13:12,2021-07-23 18:57:00,2021-07-23 13:12:00,2021-07-23 18:57:00,UTC
B.S.: 2078-04-28A.D.: 2021-08-12,Local: 09:54UTC: 04:09,26.98,86.69,4.3,Udayapur,2021-08-12,2078-04-28,09:54,04:09,2021-08-12 09:54:00,2021-08-12 04:09:00,2021-08-12 09:54:00,UTC
B.S.: 2078-05-07A.D.: 2021-08-23,Local: 02:23UTC: 20:38,29.61,81.01,4,Bajhang,2021-08-23,2078-05-07,02:23,20:38,2021-08-23 02:23:00,2021-08-23 20:38:00,2021-08-24 02:23:00,UTC
B.S.: 2078-05-27A.D.: 2021-09-12,Local: 20:41UTC: 14:56,27.64,86.1,4.3,Dolakha,2021-09-12,2078-05-27,20:41,14:56,2021-09-12 20:41:00,2021-09-12 14:56:00,2021-09-12 20:41:00,UTC
B.S.: 2078-06-04A.D.: 2021-09-20,Local: 16:30UTC: 10:45,29.89,80.59,4.2,Darchula,2021-09-20,2078-06-04,16:30,10:45,2021-09-20 16:30:00,2021-09-20 10:45:00,2021-09-20 16:30:00,UTC
B.S.: 2078-06-09A.D.: 2021-09-25,Local: 12:12UTC: 06:27,27.91,85.8,4.5,Sindhupalchok,2021-09-25,2078-06-09,12:12,06:27,2021-09-25 12:12:00,2021-09-25 06:27:00,2021-09-25 12:12:00,UTC
B.S.: 2078-06-15A.D.: 2021-10-01,Local: 12:54UTC: 07:09,27.71,85.92,4.2,Sindhupalchok,2021-10-01,2078-06-15,12:54,07:09,2021-10-01 12:54:00,2021-10-01 07:09:00,2021-10-01 12:54:00,UTC
B.S.: 2078-06-16A.D.: 2021-10-02,Local: 19:58UTC: 14:13,27.92,85.81,4.6,Sindhupalchok,2021-10-02,2078-06-16,19:58,14:13,2021-10-02 19:58:00,2021-10-02 14:13:00,2021-10-02 19:58:00,UTC
B.S.: 2078-06-16A.D.: 2021-10-02,Local: 20:13UTC: 14:28,27.91,85.81,4.1,Sindhupalchok,2021-10-02,2078-06-16,20:13,14:28,2021-10-02 20:13:00,2021-10-02 14:28:00,2021-10-02 20:13:00,UTC
B.S.: 2078-06-30A.D.: 2021-10-16,Local: 04:09UTC: 22:24,28.18,84.93,4.3,Gorkha,2021-10-16,2078-06-30,04:09,22:24,2021-10-16 04:09:00,2021-10-16 22:24:00,2021-10-17 04:09:00,UTC
B.S.: 2078-07-01A.D.: 2021-10-18,Local: 13:46UTC: 08:01,27.92,85.8,4.7,Sindhupalchok,2021-10-18,2078-07-01,13:46,08:01,2021-10-18 13:46:00,2021-10-18 08:01:00,2021-10-18 13:46:00,UTC
B.S.: 2078-07-01A.D.: 2021-10-18,Local: 13:56UTC: 08:11,27.92,85.81,4.7,Sindhupalchok,2021-10-18,2078-07-01,13:56,08:11,2021-10-18 13:56:00,2021-10-18 08:11:00,2021-10-18 13:56:00,UTC
B.S.: 2078-07-01A.D.: 2021-10-18,Local: 15:20UTC: 09:35,27.85,85.81,4.1,Sindhupalchok,2021-10-18,2078-07-01,15:20,09:35,2021-10-18 15:20:00,2021-10-18 09:35:00,2021-10-18 15:20:00,UTC
B.S.: 2078-07-01A.D.: 2021-10-18,Local: 15:23UTC: 09:38,27.86,85.82,4,Sindhupalchok,2021-10-18,2078-07-01,15:23,09:38,2021-10-18 15:23:00,2021-10-18 09:38:00,2021-10-18 15:23:00,UTC
B.S.: 2078-07-08A.D.: 2021-10-25,Local: 20:30UTC: 14:45,28.29,84.36,4.1,Lamjung,2021-10-25,2078-07-08,20:30,14:45,2021-10-25 20:30:00,2021-10-25 14:45:00,2021-10-25 20:30:00,UTC
B.S.: 2078-07-23A.D.: 2021-11-09,Local: 14:28UTC: 08:43,27.87,85.92,4.1,Sindhupalchok,2021-11-09,2078-07-23,14:28,08:43,2021-11-09 14:28:00,2021-11-09 08:43:00,2021-11-09 14:28:00,UTC
B.S.: 2078-09-21A.D.: 2022-01-05,Local: 16:16UTC: 10:31,27.67,86.32,4.2,Dolakha,2022-01-05,2078-09-21,16:16,10:31,2022-01-05 16:16:00,2022-01-05 10:31:00,2022-01-05 16:16:00,UTC
B.S.: 2078-09-22A.D.: 2022-01-06,Local: 00:14UTC: 18:29,28.68,82.97,4.2,Rukum East,2022-01-06,2078-09-22,00:14,18:29,2022-01-06 00:14:00,2022-01-06 18:29:00,2022-01-07 00:14:00,UTC
B.S.: 2078-10-07A.D.: 2022-01-21,Local: 06:43UTC: 00:58,27.98,85.58,4.1,Sindhupalchok*,2022-01-21,2078-10-07,06:43,00:58,2022-01-21 06:43:00,2022-01-21 00:58:00,2022-01-21 06:43:00,UTC
B.S.: 2078-10-12A.D.: 2022-01-26,Local: 16:54UTC: 11:09,27.9,84.57,4.1,Gorkha,2022-01-26,2078-10-12,16:54,11:09,2022-01-26 16:54:00,2022-01-26 11:09:00,2022-01-26 16:54:00,UTC
B.S.: 2078-11-10A.D.: 2022-02-22,Local: 15:52UTC: 10:07,29.7,80.71,4.1,Darchula,2022-02-22,2078-11-10,15:52,10:07,2022-02-22 15:52:00,2022-02-22 10:07:00,2022-02-22 15:52:00,UTC
B.S.: 2078-12-09A.D.: 2022-03-23,Local: 16:39UTC: 10:54,27.9,87.86,4.2,Taplejung,2022-03-23,2078-12-09,16:39,10:54,2022-03-23 16:39:00,2022-03-23 10:54:00,2022-03-23 16:39:00,UTC
B.S.: 2079-01-06A.D.: 2022-04-19,Local: 06:03UTC: 00:18,29.58,81,4.1,Bajhang,2022-04-19,2079-01-06,06:03,00:18,2022-04-19 06:03:00,2022-04-19 00:18:00,2022-04-19 06:03:00,UTC
B.S.: 2079-01-21A.D.: 2022-05-04,Local: 09:57UTC: 04:12,29.35,82.04,4.1,Jumla,2022-05-04,2079-01-21,09:57,04:12,2022-05-04 09:57:00,2022-05-04 04:12:00,2022-05-04 09:57:00,UTC
B.S.: 2079-02-09A.D.: 2022-05-23,Local: 15:00UTC: 09:15,27.31,87.94,4.1,Taplejung,2022-05-23,2079-02-09,15:00,09:15,2022-05-23 15:00:00,2022-05-23 09:15:00,2022-05-23 15:00:00,UTC
B.S.: 2079-02-09A.D.: 2022-05-23,Local: 15:09UTC: 09:24,27.3,87.73,4.3,Taplejung,2022-05-23,2079-02-09,15:09,09:24,2022-05-23 15:09:00,2022-05-23 09:24:00,2022-05-23 15:09:00,UTC
B.S.: 2079-02-24A.D.: 2022-06-07,Local: 12:50UTC: 07:05,29.61,80.51,4,Baitadi,2022-06-07,2079-02-24,12:50,07:05,2022-06-07 12:50:00,2022-06-07 07:05:00,2022-06-07 12:50:00,UTC
B.S.: 2079-02-27A.D.: 2022-06-10,Local: 02:36UTC: 20:51,27.7,85.41,4.7,Bhaktapur,2022-06-10,2079-02-27,02:36,20:51,2022-06-10 02:36:00,2022-06-10 20:51:00,2022-06-11 02:36:00,UTC
B.S.: 2079-03-08A.D.: 2022-06-22,Local: 03:56UTC: 22:11,28.33,83.86,4.9,Kaski,2022-06-22,2079-03-08,03:56,22:11,2022-06-22 03:56:00,2022-06-22 22:11:00,2022-06-23 03:56:00,UTC
B.S.: 2079-03-09A.D.: 2022-06-23,Local: 07:22UTC: 01:37,28.1,84.81,4.1,Gorkha,2022-06-23,2079-03-09,07:22,01:37,2022-06-23 07:22:00,2022-06-23 01:37:00,2022-06-23 07:22:00,UTC
B.S.: 2079-03-18A.D.: 2022-07-02,Local: 15:32UTC: 09:47,27.66,86.2,4.1,Dolakha,2022-07-02,2079-03-18,15:32,09:47,2022-07-02 15:32:00,2022-07-02 09:47:00,2022-07-02 15:32:00,UTC
B.S.: 2079-03-26A.D.: 2022-07-10,Local: 19:49UTC: 14:04,29.82,80.76,4.2,Darchula,2022-07-10,2079-03-26,19:49,14:04,2022-07-10 19:49:00,2022-07-10 14:04:00,2022-07-10 19:49:00,UTC
B.S.: 2079-04-01A.D.: 2022-07-17,Local: 04:31UTC: 22:46,29.41,81.34,4.1,Bajura,2022-07-17,2079-04-01,04:31,22:46,2022-07-17 04:31:00,2022-07-17 22:46:00,2022-07-18 04:31:00,UTC
B.S.: 2079-04-09A.D.: 2022-07-25,Local: 06:07UTC: 00:22,27.94,85.52,4.7,Sindhupalchok,2022-07-25,2079-04-09,06:07,00:22,2022-07-25 06:07:00,2022-07-25 00:22:00,2022-07-25 06:07:00,UTC
B.S.: 2079-04-15A.D.: 2022-07-31,Local: 08:13UTC: 02:28,27.16,86.83,6,Khotang,2022-07-31,2079-04-15,08:13,02:28,2022-07-31 08:13:00,2022-07-31 02:28:00,2022-07-31 08:13:00,UTC
B.S.: 2079-04-20A.D.: 2022-08-05,Local: 05:26UTC: 23:41,27.83,85.15,5.3,Nuwakot,2022-08-05,2079-04-20,05:26,23:41,2022-08-05 05:26:00,2022-08-05 23:41:00,2022-08-06 05:26:00,UTC
B.S.: 2079-05-02A.D.: 2022-08-18,Local: 22:43UTC: 16:58,27.97,85.54,4.2,Sindhupalchok,2022-08-18,2079-05-02,22:43,16:58,2022-08-18 22:43:00,2022-08-18 16:58:00,2022-08-18 22:43:00,UTC
B.S.: 2079-05-03A.D.: 2022-08-19,Local: 01:28UTC: 19:43,28.24,81.77,4.8,Banke,2022-08-19,2079-05-03,01:28,19:43,2022-08-19 01:28:00,2022-08-19 19:43:00,2022-08-20 01:28:00,UTC
B.S.: 2079-07-02A.D.: 2022-10-19,Local: 15:07UTC: 09:22,28.15,86.06,5.9,Sindhupalchok/Tibet,2022-10-19,2079-07-02,15:07,09:22,2022-10-19 15:07:00,2022-10-19 09:22:00,2022-10-19 15:07:00,UTC
B.S.: 2079-07-02A.D.: 2022-10-19,Local: 15:53UTC: 10:08,28.07,86.02,4.5,Sindhupalchok/Tibet*,2022-10-19,2079-07-02,15:53,10:08,2022-10-19 15:53:00,2022-10-19 10:08:00,2022-10-19 15:53:00,UTC
B.S.: 2079-07-13A.D.: 2022-10-30,Local: 09:26UTC: 03:41,29.6,81.04,4.6,Bajhang,2022-10-30,2079-07-13,09:26,03:41,2022-10-30 09:26:00,2022-10-30 03:41:00,2022-10-30 09:26:00,UTC
B.S.: 2079-07-22A.D.: 2022-11-08,Local: 21:07UTC: 15:22,29.38,81.11,5.7,Doti,2022-11-08,2079-07-22,21:07,15:22,2022-11-08 21:07:00,2022-11-08 15:22:00,2022-11-08 21:07:00,UTC
B.S.: 2079-07-22A.D.: 2022-11-08,Local: 21:56UTC: 16:11,29.38,81.11,4.1,Doti,2022-11-08,2079-07-22,21:56,16:11,2022-11-08 21:56:00,2022-11-08 16:11:00,2022-11-08 21:56:00,UTC
B.S.: 2079-07-22A.D.: 2022-11-08,Local: 02:12UTC: 20:27,29.38,81.13,6.6,Doti,2022-11-08,2079-07-22,02:12,20:27,2022-11-08 02:12:00,2022-11-08 20:27:00,2022-11-09 02:12:00,UTC
B.S.: 2079-07-23A.D.: 2022-11-09,Local: 05:13UTC: 23:28,29.35,81.29,4.1,Bajura,2022-11-09,2079-07-23,05:13,23:28,2022-11-09 05:13:00,2022-11-09 23:28:00,2022-11-10 05:13:00,UTC
B.S.: 2079-07-26A.D.: 2022-11-12,Local: 20:12UTC: 14:27,29.45,81.19,5.4,Bajhang,2022-11-12,2079-07-26,20:12,14:27,2022-11-12 20:12:00,2022-11-12 14:27:00,2022-11-12 20:12:00,UTC
B.S.: 2079-07-29A.D.: 2022-11-15,Local: 18:08UTC: 12:23,29.35,81.21,4.2,Achham,2022-11-15,2079-07-29,18:08,12:23,2022-11-15 18:08:00,2022-11-15 12:23:00,2022-11-15 18:08:00,UTC
B.S.: 2079-08-12A.D.: 2022-11-28,Local: 10:45UTC: 05:00,26.93,87.26,4,Dhankuta,2022-11-28,2079-08-12,10:45,05:00,2022-11-28 10:45:00,2022-11-28 05:00:00,2022-11-28 10:45:00,UTC
B.S.: 2079-09-03A.D.: 2022-12-18,Local: 22:53UTC: 17:08,28.26,85.06,4.5,Dhading,2022-12-18,2079-09-03,22:53,17:08,2022-12-18 22:53:00,2022-12-18 17:08:00,2022-12-18 22:53:00,UTC
B.S.: 2079-09-06A.D.: 2022-12-21,Local: 01:00UTC: 19:15,30,80.74,4.1,Darchula,2022-12-21,2079-09-06,01:00,19:15,2022-12-21 01:00:00,2022-12-21 19:15:00,2022-12-22 01:00:00,UTC
B.S.: 2079-09-08A.D.: 2022-12-23,Local: 07:15UTC: 01:30,29.1,83.3,4.6,Dolpa,2022-12-23,2079-09-08,07:15,01:30,2022-12-23 07:15:00,2022-12-23 01:30:00,2022-12-23 07:15:00,UTC
B.S.: 2079-09-12A.D.: 2022-12-27,Local: 01:23UTC: 19:38,28.45,83.14,4.7,Baglung,2022-12-27,2079-09-12,01:23,19:38,2022-12-27 01:23:00,2022-12-27 19:38:00,2022-12-28 01:23:00,UTC
B.S.: 2079-09-12A.D.: 2022-12-27,Local: 02:07UTC: 20:22,28.36,83.19,5.3,Baglung,2022-12-27,2079-09-12,02:07,20:22,2022-12-27 02:07:00,2022-12-27 20:22:00,2022-12-28 02:07:00,UTC
B.S.: 2079-09-12A.D.: 2022-12-27,Local: 03:28UTC: 21:43,28.45,83.09,4,Baglung,2022-12-27,2079-09-12,03:28,21:43,2022-12-27 03:28:00,2022-12-27 21:43:00,2022-12-28 03:28:00,UTC
B.S.: 2079-10-07A.D.: 2023-01-21,Local: 04:38UTC: 22:53,27.8,85.81,4.2,Sindhupalchok,2023-01-21,2079-10-07,04:38,22:53,2023-01-21 04:38:00,2023-01-21 22:53:00,2023-01-22 04:38:00,UTC
B.S.: 2079-10-10A.D.: 2023-01-24,Local: 14:43UTC: 08:58,29.75,81.7,5.9,Bajura,2023-01-24,2079-10-10,14:43,08:58,2023-01-24 14:43:00,2023-01-24 08:58:00,2023-01-24 14:43:00,UTC
B.S.: 2079-10-11A.D.: 2023-01-25,Local: 01:07UTC: 19:22,29.64,81.68,4.1,Bajura,2023-01-25,2079-10-11,01:07,19:22,2023-01-25 01:07:00,2023-01-25 19:22:00,2023-01-26 01:07:00,UTC
B.S.: 2079-10-17A.D.: 2023-01-31,Local: 00:24UTC: 18:39,27.42,87.47,4,Taplejung,2023-01-31,2079-10-17,00:24,18:39,2023-01-31 00:24:00,2023-01-31 18:39:00,2023-02-01 00:24:00,UTC
B.S.: 2079-10-18A.D.: 2023-02-01,Local: 11:44UTC: 05:59,29.71,81.62,4,Bajura*,2023-02-01,2079-10-18,11:44,05:59,2023-02-01 11:44:00,2023-02-01 05:59:00,2023-02-01 11:44:00,UTC
B.S.: 2079-10-27A.D.: 2023-02-10,Local: 08:52UTC: 03:07,28.8,82.53,4.2,Rukum West,2023-02-10,2079-10-27,08:52,03:07,2023-02-10 08:52:00,2023-02-10 03:07:00,2023-02-10 08:52:00,UTC
B.S.: 2079-10-29A.D.: 2023-02-12,Local: 04:30UTC: 22:45,27.83,87.95,4.8,Taplejung,2023-02-12,2079-10-29,04:30,22:45,2023-02-12 04:30:00,2023-02-12 22:45:00,2023-02-13 04:30:00,UTC
B.S.: 2079-11-10A.D.: 2023-02-22,Local: 13:45UTC: 08:00,29.68,81.67,5.2,Bajura,2023-02-22,2079-11-10,13:45,08:00,2023-02-22 13:45:00,2023-02-22 08:00:00,2023-02-22 13:45:00,UTC
B.S.: 2079-11-16A.D.: 2023-02-28,Local: 10:03UTC: 04:18,27.08,87.96,4.3,Ilam,2023-02-28,2079-11-16,10:03,04:18,2023-02-28 10:03:00,2023-02-28 04:18:00,2023-02-28 10:03:00,UTC
B.S.: 2079-11-17A.D.: 2023-03-01,Local: 17:42UTC: 11:57,27.82,88.02,4,Taplejung,2023-03-01,2079-11-17,17:42,11:57,2023-03-01 17:42:00,2023-03-01 11:57:00,2023-03-01 17:42:00,UTC
B.S.: 2079-11-21A.D.: 2023-03-05,Local: 08:03UTC: 02:18,27.57,85.59,4.3,Kavrepalanchok,2023-03-05,2079-11-21,08:03,02:18,2023-03-05 08:03:00,2023-03-05 02:18:00,2023-03-05 08:03:00,UTC
B.S.: 2079-11-21A.D.: 2023-03-05,Local: 08:35UTC: 02:50,29.29,81.4,4.4,Bajura,2023-03-05,2079-11-21,08:35,02:50,2023-03-05 08:35:00,2023-03-05 02:50:00,2023-03-05 08:35:00,UTC
B.S.: 2079-11-29A.D.: 2023-03-13,Local: 18:56UTC: 13:11,28.95,81.68,4.1,Dailekh,2023-03-13,2079-11-29,18:56,13:11,2023-03-13 18:56:00,2023-03-13 13:11:00,2023-03-13 18:56:00,UTC
B.S.: 2079-12-10A.D.: 2023-03-24,Local: 09:51UTC: 04:06,29.64,81.89,4.5,Mugu,2023-03-24,2079-12-10,09:51,04:06,2023-03-24 09:51:00,2023-03-24 04:06:00,2023-03-24 09:51:00,UTC
B.S.: 2079-12-12A.D.: 2023-03-26,Local: 22:27UTC: 16:42,29.42,81.66,4.3,Bajura,2023-03-26,2079-12-12,22:27,16:42,2023-03-26 22:27:00,2023-03-26 16:42:00,2023-03-26 22:27:00,UTC
B.S.: 2079-12-14A.D.: 2023-03-28,Local: 23:41UTC: 17:56,27.86,87.89,4.6,Taplejung,2023-03-28,2079-12-14,23:41,17:56,2023-03-28 23:41:00,2023-03-28 17:56:00,2023-03-28 23:41:00,UTC
B.S.: 2079-12-17A.D.: 2023-03-31,Local: 03:19UTC: 21:34,28.12,84.9,4.1,Gorkha,2023-03-31,2079-12-17,03:19,21:34,2023-03-31 03:19:00,2023-03-31 21:34:00,2023-04-01 03:19:00,UTC
B.S.: 2079-12-18A.D.: 2023-04-01,Local: 11:27UTC: 05:42,27.76,86.19,5.2,Dolakha,2023-04-01,2079-12-18,11:27,05:42,2023-04-01 11:27:00,2023-04-01 05:42:00,2023-04-01 11:27:00,UTC
B.S.: 2079-12-28A.D.: 2023-04-11,Local: 18:50UTC: 13:05,28.17,84.74,4.1,Gorkha,2023-04-11,2079-12-28,18:50,13:05,2023-04-11 18:50:00,2023-04-11 13:05:00,2023-04-11 18:50:00,UTC
B.S.: 2080-01-10A.D.: 2023-04-23,Local: 13:30UTC: 07:45,29.38,81.34,4.1,Bajura,2023-04-23,2080-01-10,13:30,07:45,2023-04-23 13:30:00,2023-04-23 07:45:00,2023-04-23 13:30:00,UTC
B.S.: 2080-01-14A.D.: 2023-04-27,Local: 23:58UTC: 18:13,29.75,81.56,4.9,Bajura,2023-04-27,2080-01-14,23:58,18:13,2023-04-27 23:58:00,2023-04-27 18:13:00,2023-04-27 23:58:00,UTC
B.S.: 2080-01-14A.D.: 2023-04-27,Local: 01:30UTC: 19:45,29.78,81.61,5.9,Bajura,2023-04-27,2080-01-14,01:30,19:45,2023-04-27 01:30:00,2023-04-27 19:45:00,2023-04-28 01:30:00,UTC
B.S.: 2080-01-15A.D.: 2023-04-28,Local: 09:25UTC: 03:40,29.74,81.63,4.1,Bajura,2023-04-28,2080-01-15,09:25,03:40,2023-04-28 09:25:00,2023-04-28 03:40:00,2023-04-28 09:25:00,UTC
B.S.: 2080-01-18A.D.: 2023-05-01,Local: 14:35UTC: 08:50,29.89,81.93,4,Humla,2023-05-01,2080-01-18,14:35,08:50,2023-05-01 14:35:00,2023-05-01 08:50:00,2023-05-01 14:35:00,UTC
B.S.: 2080-01-21A.D.: 2023-05-04,Local: 13:17UTC: 07:32,29.78,81.58,4.1,Bajura*,2023-05-04,2080-01-21,13:17,07:32,2023-05-04 13:17:00,2023-05-04 07:32:00,2023-05-04 13:17:00,UTC
B.S.: 2080-01-27A.D.: 2023-05-10,Local: 05:15UTC: 23:30,29.73,81.62,4.3,Bajura,2023-05-10,2080-01-27,05:15,23:30,2023-05-10 05:15:00,2023-05-10 23:30:00,2023-05-11 05:15:00,UTC
B.S.: 2080-02-06A.D.: 2023-05-20,Local: 02:59UTC: 21:14,28.62,82.84,4.1,Rukum East,2023-05-20,2080-02-06,02:59,21:14,2023-05-20 02:59:00,2023-05-20 21:14:00,2023-05-21 02:59:00,UTC
B.S.: 2080-02-08A.D.: 2023-05-22,Local: 18:54UTC: 13:09,29.68,81.61,4.1,Bajura,2023-05-22,2080-02-08,18:54,13:09,2023-05-22 18:54:00,2023-05-22 13:09:00,2023-05-22 18:54:00,UTC
B.S.: 2080-02-09A.D.: 2023-05-23,Local: 04:06UTC: 22:21,29.66,81.61,4.5,Bajura,2023-05-23,2080-02-09,04:06,22:21,2023-05-23 04:06:00,2023-05-23 22:21:00,2023-05-24 04:06:00,UTC
B.S.: 2080-02-29A.D.: 2023-06-12,Local: 07:38UTC: 01:53,29.72,81.61,4.4,Bajura,2023-06-12,2080-02-29,07:38,01:53,2023-06-12 07:38:00,2023-06-12 01:53:00,2023-06-12 07:38:00,UTC
B.S.: 2080-03-04A.D.: 2023-06-19,Local: 04:55UTC: 23:10,29.78,80.92,4,Darchula,2023-06-19,2080-03-04,04:55,23:10,2023-06-19 04:55:00,2023-06-19 23:10:00,2023-06-20 04:55:00,UTC
B.S.: 2080-03-08A.D.: 2023-06-23,Local: 05:55UTC: 00:10,28.15,84.54,4,Lamjung,2023-06-23,2080-03-08,05:55,00:10,2023-06-23 05:55:00,2023-06-23 00:10:00,2023-06-23 05:55:00,UTC
B.S.: 2080-03-28A.D.: 2023-07-13,Local: 11:17UTC: 05:32,27.95,81.78,4.6,Humla,2023-07-13,2080-03-28,11:17,05:32,2023-07-13 11:17:00,2023-07-13 05:32:00,2023-07-13 11:17:00,UTC
B.S.: 2080-04-03A.D.: 2023-07-19,Local: 09:53UTC: 04:08,28.43,83.99,4,Kaski,2023-07-19,2080-04-03,09:53,04:08,2023-07-19 09:53:00,2023-07-19 04:08:00,2023-07-19 09:53:00,UTC
B.S.: 2080-05-14A.D.: 2023-08-31,Local: 01:11UTC: 19:26,27.37,87.06,4,Bhojpur,2023-08-31,2080-05-14,01:11,19:26,2023-08-31 01:11:00,2023-08-31 19:26:00,2023-09-01 01:11:00,UTC
B.S.: 2080-05-31A.D.: 2023-09-17,Local: 00:48UTC: 19:03,26.97,87.54,4.1,Panchthar,2023-09-17,2080-05-31,00:48,19:03,2023-09-17 00:48:00,2023-09-17 19:03:00,2023-09-18 00:48:00,UTC
B.S.: 2080-06-16A.D.: 2023-10-03,Local: 15:06UTC: 09:21,29.59,81.19,6.3,Bajhang,2023-10-03,2080-06-16,15:06,09:21,2023-10-03 15:06:00,2023-10-03 09:21:00,2023-10-03 15:06:00,UTC
B.S.: 2080-06-16A.D.: 2023-10-03,Local: 15:13UTC: 09:28,29.55,81.18,5.1,Bajhang,2023-10-03,2080-06-16,15:13,09:28,2023-10-03 15:13:00,2023-10-03 09:28:00,2023-10-03 15:13:00,UTC
B.S.: 2080-06-16A.D.: 2023-10-03,Local: 15:18UTC: 09:33,29.52,81.18,4.4,Bajhang,2023-10-03,2080-06-16,15:18,09:33,2023-10-03 15:18:00,2023-10-03 09:33:00,2023-10-03 15:18:00,UTC
B.S.: 2080-06-16A.D.: 2023-10-03,Local: 15:45UTC: 10:00,29.58,81.1,4.1,Bajhang,2023-10-03,2080-06-16,15:45,10:00,2023-10-03 15:45:00,2023-10-03 10:00:00,2023-10-03 15:45:00,UTC
B.S.: 2080-06-16A.D.: 2023-10-03,Local: 16:28UTC: 10:43,29.59,81.28,4.1,Bajhang,2023-10-03,2080-06-16,16:28,10:43,2023-10-03 16:28:00,2023-10-03 10:43:00,2023-10-03 16:28:00,UTC
B.S.: 2080-06-16A.D.: 2023-10-03,Local: 16:31UTC: 10:46,29.53,81.14,4.3,Bajhang,2023-10-03,2080-06-16,16:31,10:46,2023-10-03 16:31:00,2023-10-03 10:46:00,2023-10-03 16:31:00,UTC
B.S.: 2080-06-16A.D.: 2023-10-03,Local: 17:38UTC: 11:53,29.65,81.27,5,Bajhang,2023-10-03,2080-06-16,17:38,11:53,2023-10-03 17:38:00,2023-10-03 11:53:00,2023-10-03 17:38:00,UTC
B.S.: 2080-06-16A.D.: 2023-10-03,Local: 00:16UTC: 18:31,29.62,81.27,4.1,Bajhang,2023-10-03,2080-06-16,00:16,18:31,2023-10-03 00:16:00,2023-10-03 18:31:00,2023-10-04 00:16:00,UTC
B.S.: 2080-06-16A.D.: 2023-10-03,Local: 04:27UTC: 22:42,29.41,81.26,4.3,Bajhang,2023-10-03,2080-06-16,04:27,22:42,2023-10-03 04:27:00,2023-10-03 22:42:00,2023-10-04 04:27:00,UTC
B.S.: 2080-06-16A.D.: 2023-10-03,Local: 05:43UTC: 23:58,29.63,81.2,4.3,Bajhang,2023-10-03,2080-06-16,05:43,23:58,2023-10-03 05:43:00,2023-10-03 23:58:00,2023-10-04 05:43:00,UTC
B.S.: 2080-06-18A.D.: 2023-10-05,Local: 11:45UTC: 06:00,29.6,81.23,4.5,Bajhang,2023-10-05,2080-06-18,11:45,06:00,2023-10-05 11:45:00,2023-10-05 06:00:00,2023-10-05 11:45:00,UTC
B.S.: 2080-06-18A.D.: 2023-10-05,Local: 22:51UTC: 17:06,29.6,81.23,4.5,Bajhang,2023-10-05,2080-06-18,22:51,17:06,2023-10-05 22:51:00,2023-10-05 17:06:00,2023-10-05 22:51:00,UTC
B.S.: 2080-06-19A.D.: 2023-10-06,Local: 12:43UTC: 06:58,29.77,81.24,4.2,Bajhang,2023-10-06,2080-06-19,12:43,06:58,2023-10-06 12:43:00,2023-10-06 06:58:00,2023-10-06 12:43:00,UTC
B.S.: 2080-06-20A.D.: 2023-10-07,Local: 11:45UTC: 06:00,29.58,81.26,5.3,Bajhang,2023-10-07,2080-06-20,11:45,06:00,2023-10-07 11:45:00,2023-10-07 06:00:00,2023-10-07 11:45:00,UTC
B.S.: 2080-06-20A.D.: 2023-10-07,Local: 12:32UTC: 06:47,29.61,81.24,4.3,Bajhang,2023-10-07,2080-06-20,12:32,06:47,2023-10-07 12:32:00,2023-10-07 06:47:00,2023-10-07 12:32:00,UTC
B.S.: 2080-06-24A.D.: 2023-10-11,Local: 00:22UTC: 18:37,29.61,81.19,5.2,Bajhang,2023-10-11,2080-06-24,00:22,18:37,2023-10-11 00:22:00,2023-10-11 18:37:00,2023-10-12 00:22:00,UTC
B.S.: 2080-06-25A.D.: 2023-10-12,Local: 00:31UTC: 18:46,28.48,83.21,4.4,Baglung,2023-10-12,2080-06-25,00:31,18:46,2023-10-12 00:31:00,2023-10-12 18:46:00,2023-10-13 00:31:00,UTC
B.S.: 2080-06-25A.D.: 2023-10-12,Local: 01:51UTC: 20:06,29.49,81.25,5,Bajhang,2023-10-12,2080-06-25,01:51,20:06,2023-10-12 01:51:00,2023-10-12 20:06:00,2023-10-13 01:51:00,UTC
B.S.: 2080-06-29A.D.: 2023-10-16,Local: 09:26UTC: 03:41,30.06,80.58,4.8,"Watan, India",2023-10-16,2080-06-29,09:26,03:41,2023-10-16 09:26:00,2023-10-16 03:41:00,2023-10-16 09:26:00,UTC
B.S.: 2080-07-01A.D.: 2023-10-18,Local: 22:03UTC: 16:18,29.62,81.19,4.6,Bajhang,2023-10-18,2080-07-01,22:03,16:18,2023-10-18 22:03:00,2023-10-18 16:18:00,2023-10-18 22:03:00,UTC
B.S.: 2080-07-04A.D.: 2023-10-21,Local: 18:55UTC: 13:10,29.6,81.28,4.4,Bajhang,2023-10-21,2080-07-04,18:55,13:10,2023-10-21 18:55:00,2023-10-21 13:10:00,2023-10-21 18:55:00,UTC
B.S.: 2080-07-05A.D.: 2023-10-22,Local: 07:39UTC: 01:54,27.94,84.79,6.1,Dhading*,2023-10-22,2080-07-05,07:39,01:54,2023-10-22 07:39:00,2023-10-22 01:54:00,2023-10-22 07:39:00,UTC
B.S.: 2080-07-05A.D.: 2023-10-22,Local: 08:08UTC: 02:23,27.99,84.81,4.2,Dhading,2023-10-22,2080-07-05,08:08,02:23,2023-10-22 08:08:00,2023-10-22 02:23:00,2023-10-22 08:08:00,UTC
B.S.: 2080-07-05A.D.: 2023-10-22,Local: 08:28UTC: 02:43,28,84.8,4.3,Dhading,2023-10-22,2080-07-05,08:28,02:43,2023-10-22 08:28:00,2023-10-22 02:43:00,2023-10-22 08:28:00,UTC
B.S.: 2080-07-05A.D.: 2023-10-22,Local: 08:59UTC: 03:14,27.95,84.79,4.1,Dhading,2023-10-22,2080-07-05,08:59,03:14,2023-10-22 08:59:00,2023-10-22 03:14:00,2023-10-22 08:59:00,UTC
B.S.: 2080-07-05A.D.: 2023-10-22,Local: 16:03UTC: 10:18,28.03,84.83,4.4,Dhading,2023-10-22,2080-07-05,16:03,10:18,2023-10-22 16:03:00,2023-10-22 10:18:00,2023-10-22 16:03:00,UTC
B.S.: 2080-07-05A.D.: 2023-10-22,Local: 17:31UTC: 11:46,27.96,84.79,5,Dhading,2023-10-22,2080-07-05,17:31,11:46,2023-10-22 17:31:00,2023-10-22 11:46:00,2023-10-22 17:31:00,UTC
B.S.: 2080-07-05A.D.: 2023-10-22,Local: 17:33UTC: 11:48,27.95,84.79,5.1,Dhading,2023-10-22,2080-07-05,17:33,11:48,2023-10-22 17:33:00,2023-10-22 11:48:00,2023-10-22 17:33:00,UTC
B.S.: 2080-07-17A.D.: 2023-11-03,Local: 23:47UTC: 18:02,28.92,82.21,6.4,Jajarkot,2023-11-03,2080-07-17,23:47,18:02,2023-11-03 23:47:00,2023-11-03 18:02:00,2023-11-03 23:47:00,UTC
B.S.: 2080-07-17A.D.: 2023-11-03,Local: 00:08UTC: 18:23,28.95,82.19,4.5,Jajarkot,2023-11-03,2080-07-17,00:08,18:23,2023-11-03 00:08:00,2023-11-03 18:23:00,2023-11-04 00:08:00,UTC
B.S.: 2080-07-17A.D.: 2023-11-03,Local: 00:29UTC: 18:44,28.96,82.17,4.2,Jajarkot,2023-11-03,2080-07-17,00:29,18:44,2023-11-03 00:29:00,2023-11-03 18:44:00,2023-11-04 00:29:00,UTC
B.S.: 2080-07-17A.D.: 2023-11-03,Local: 00:35UTC: 18:50,28.88,82.2,4.3,Jajarkot,2023-11-03,2080-07-17,00:35,18:50,2023-11-03 00:35:00,2023-11-03 18:50:00,2023-11-04 00:35:00,UTC
B.S.: 2080-07-17A.D.: 2023-11-03,Local: 04:16UTC: 22:31,28.92,82.26,4.5,Jajarkot,2023-11-03,2080-07-17,04:16,22:31,2023-11-03 04:16:00,2023-11-03 22:31:00,2023-11-04 04:16:00,UTC
B.S.: 2080-07-18A.D.: 2023-11-04,Local: 15:40UTC: 09:55,28.94,82.24,4.2,Jajarkot,2023-11-04,2080-07-18,15:40,09:55,2023-11-04 15:40:00,2023-11-04 09:55:00,2023-11-04 15:40:00,UTC
B.S.: 2080-07-18A.D.: 2023-11-04,Local: 01:22UTC: 19:37,28.88,82.2,4,Jajarkot,2023-11-04,2080-07-18,01:22,19:37,2023-11-04 01:22:00,2023-11-04 19:37:00,2023-11-05 01:22:00,UTC
B.S.: 2080-07-19A.D.: 2023-11-05,Local: 14:24UTC: 08:39,28.91,82.2,4.1,Jajarkot,2023-11-05,2080-07-19,14:24,08:39,2023-11-05 14:24:00,2023-11-05 08:39:00,2023-11-05 14:24:00,UTC
B.S.: 2080-07-20A.D.: 2023-11-06,Local: 16:31UTC: 10:46,28.94,82.21,5.8,Jajarkot,2023-11-06,2080-07-20,16:31,10:46,2023-11-06 16:31:00,2023-11-06 10:46:00,2023-11-06 16:31:00,UTC
B.S.: 2080-07-20A.D.: 2023-11-06,Local: 16:40UTC: 10:55,28.93,82.16,4.5,Jajarkot,2023-11-06,2080-07-20,16:40,10:55,2023-11-06 16:40:00,2023-11-06 10:55:00,2023-11-06 16:40:00,UTC
B.S.: 2080-07-21A.D.: 2023-11-07,Local: 12:58UTC: 07:13,29.83,81.71,4,Bajura,2023-11-07,2080-07-21,12:58,07:13,2023-11-07 12:58:00,2023-11-07 07:13:00,2023-11-07 12:58:00,UTC
B.S.: 2080-07-22A.D.: 2023-11-08,Local: 03:06UTC: 21:21,28.94,82.13,4.2,Jajarkot,2023-11-08,2080-07-22,03:06,21:21,2023-11-08 03:06:00,2023-11-08 21:21:00,2023-11-09 03:06:00,UTC
B.S.: 2080-07-28A.D.: 2023-11-14,Local: 21:15UTC: 15:30,28.91,82.11,4,Jajarkot,2023-11-14,2080-07-28,21:15,15:30,2023-11-14 21:15:00,2023-11-14 15:30:00,2023-11-14 21:15:00,UTC
B.S.: 2080-08-03A.D.: 2023-11-19,Local: 14:59UTC: 09:14,28.58,82.85,4.3,Rukum-East,2023-11-19,2080-08-03,14:59,09:14,2023-11-19 14:59:00,2023-11-19 09:14:00,2023-11-19 14:59:00,UTC
B.S.: 2080-08-03A.D.: 2023-11-19,Local: 16:47UTC: 11:02,28.6,82.87,4.2,Rukum-East,2023-11-19,2080-08-03,16:47,11:02,2023-11-19 16:47:00,2023-11-19 11:02:00,2023-11-19 16:47:00,UTC
B.S.: 2080-08-04A.D.: 2023-11-20,Local: 11:37UTC: 05:52,29.61,81.27,4.5,Bajhang,2023-11-20,2080-08-04,11:37,05:52,2023-11-20 11:37:00,2023-11-20 05:52:00,2023-11-20 11:37:00,UTC
B.S.: 2080-08-06A.D.: 2023-11-22,Local: 01:19UTC: 19:34,27.67,81.18,4.5,Makawanpur,2023-11-22,2080-08-06,01:19,19:34,2023-11-22 01:19:00,2023-11-22 19:34:00,2023-11-23 01:19:00,UTC
B.S.: 2080-08-13A.D.: 2023-11-29,Local: 18:44UTC: 12:59,29.63,81.15,4.1,Bajhang,2023-11-29,2080-08-13,18:44,12:59,2023-11-29 18:44:00,2023-11-29 12:59:00,2023-11-29 18:44:00,UTC
B.S.: 2080-09-15A.D.: 2023-12-31,Local: 22:21UTC: 16:36,27.94,85.84,5,Sindhupalchok,2023-12-31,2080-09-15,22:21,16:36,2023-12-31 22:21:00,2023-12-31 16:36:00,2023-12-31 22:21:00,UTC
B.S.: 2080-09-19A.D.: 2024-01-04,Local: 10:17UTC: 04:32,28.1,85.75,4.6,Sindhupalchok*,2024-01-04,2080-09-19,10:17,04:32,2024-01-04 10:17:00,2024-01-04 04:32:00,2024-01-04 10:17:00,UTC
B.S.: 2080-09-27A.D.: 2024-01-12,Local: 23:32UTC: 17:47,29.55,81.09,4.4,Bajhang,2024-01-12,2080-09-27,23:32,17:47,2024-01-12 23:32:00,2024-01-12 17:47:00,2024-01-12 23:32:00,UTC
B.S.: 2080-11-04A.D.: 2024-02-16,Local: 09:32UTC: 03:47,29.45,81.01,4.4,Bajhang,2024-02-16,2080-11-04,09:32,03:47,2024-02-16 09:32:00,2024-02-16 03:47:00,2024-02-16 09:32:00,UTC
B.S.: 2080-11-07A.D.: 2024-02-19,Local: 04:58UTC: 23:13,27.66,86.23,4.1,Dolakha,2024-02-19,2080-11-07,04:58,23:13,2024-02-19 04:58:00,2024-02-19 23:13:00,2024-02-20 04:58:00,UTC
B.S.: 2080-11-26A.D.: 2024-03-09,Local: 07:30UTC: 01:45,28.44,84.08,4,Kaski,2024-03-09,2080-11-26,07:30,01:45,2024-03-09 07:30:00,2024-03-09 01:45:00,2024-03-09 07:30:00,UTC
B.S.: 2080-11-28A.D.: 2024-03-11,Local: 16:57UTC: 11:12,29.51,81.45,4.3,Bajura,2024-03-11,2080-11-28,16:57,11:12,2024-03-11 16:57:00,2024-03-11 11:12:00,2024-03-11 16:57:00,UTC
B.S.: 2080-12-04A.D.: 2024-03-17,Local: 09:44UTC: 03:59,28.05,85.26,4,Rasuwa,2024-03-17,2080-12-04,09:44,03:59,2024-03-17 09:44:00,2024-03-17 03:59:00,2024-03-17 09:44:00,UTC
B.S.: 2081-02-22A.D.: 2024-06-04,Local: 10:34UTC: 04:49,28.86,81.55,4.1,Dailekh,2024-06-04,2081-02-22,10:34,04:49,2024-06-04 10:34:00,2024-06-04 04:49:00,2024-06-04 10:34:00,UTC
B.S.: 2081-03-15A.D.: 2024-06-28,Local: 07:13UTC: 01:28,28.07,85.55,4.2,Sindhupalchok,2024-06-28,2081-03-15,07:13,01:28,2024-06-28 07:13:00,2024-06-28 01:28:00,2024-06-28 07:13:00,UTC
B.S.: 2081-05-13A.D.: 2024-08-29,Local: 19:34UTC: 13:49,29.54,81.3,4.3,Bajhang,2024-08-29,2081-05-13,19:34,13:49,2024-08-29 19:34:00,2024-08-29 13:49:00,2024-08-29 19:34:00,UTC
B.S.: 2081-06-02A.D.: 2024-09-18,Local: 10:08UTC: 04:23,29.43,81.07,4.3,Bajhang,2024-09-18,2081-06-02,10:08,04:23,2024-09-18 10:08:00,2024-09-18 04:23:00,2024-09-18 10:08:00,UTC
B.S.: 2081-06-06A.D.: 2024-09-22,Local: 14:09UTC: 08:24,29.49,80.82,4,Baitadi,2024-09-22,2081-06-06,14:09,08:24,2024-09-22 14:09:00,2024-09-22 08:24:00,2024-09-22 14:09:00,UTC
B.S.: 2081-07-10A.D.: 2024-10-26,Local: 23:30UTC: 17:45,27.74,86.15,4.5,Dolakha,2024-10-26,2081-07-10,23:30,17:45,2024-10-26 23:30:00,2024-10-26 17:45:00,2024-10-26 23:30:00,UTC
B.S.: 2081-07-22A.D.: 2024-11-07,Local: 19:56UTC: 14:11,27.85,86.15,4.6,Dolakha,2024-11-07,2081-07-22,19:56,14:11,2024-11-07 19:56:00,2024-11-07 14:11:00,2024-11-07 19:56:00,UTC
B.S.: 2081-08-06A.D.: 2024-11-21,Local: 10:13UTC: 04:28,28.53,84.13,4.2,Around Annapurna II (Border of Kaski and Manang),2024-11-21,2081-08-06,10:13,04:28,2024-11-21 10:13:00,2024-11-21 04:28:00,2024-11-21 10:13:00,UTC
B.S.: 2081-09-02A.D.: 2024-12-17,Local: 17:08UTC: 11:23,29.71,81.3,4.3,Bajhang,2024-12-17,2081-09-02,17:08,11:23,2024-12-17 17:08:00,2024-12-17 11:23:00,2024-12-17 17:08:00,UTC
B.S.: 2081-09-03A.D.: 2024-12-18,Local: 15:02UTC: 09:17,29.7,81.3,4.1,Bajhang,2024-12-18,2081-09-03,15:02,09:17,2024-12-18 15:02:00,2024-12-18 09:17:00,2024-12-18 15:02:00,UTC
B.S.: 2081-09-04A.D.: 2024-12-19,Local: 07:37UTC: 01:52,28.55,84.15,4.7,"Neshyang, Manang",2024-12-19,2081-09-04,07:37,01:52,2024-12-19 07:37:00,2024-12-19 01:52:00,2024-12-19 07:37:00,UTC
B.S.: 2081-09-05A.D.: 2024-12-20,Local: 04:14UTC: 22:29,29.37,81.64,5.2,Bajura,2024-12-20,2081-09-05,04:14,22:29,2024-12-20 04:14:00,2024-12-20 22:29:00,2024-12-21 04:14:00,UTC
B.S.: 2081-09-09A.D.: 2024-12-24,Local: 21:25UTC: 15:40,30.04,80.85,4,Darchula,2024-12-24,2081-09-09,21:25,15:40,2024-12-24 21:25:00,2024-12-24 15:40:00,2024-12-24 21:25:00,UTC
B.S.: 2081-09-11A.D.: 2024-12-26,Local: 06:33UTC: 00:48,29.07,82.32,4.2,Jajarkot*,2024-12-26,2081-09-11,06:33,00:48,2024-12-26 06:33:00,2024-12-26 00:48:00,2024-12-26 06:33:00,UTC
B.S.: 2081-09-16A.D.: 2024-12-31,Local: 07:54UTC: 02:09,29.45,80.86,4.6,Baitadi,2024-12-31,2081-09-16,07:54,02:09,2024-12-31 07:54:00,2024-12-31 02:09:00,2024-12-31 07:54:00,UTC
B.S.: 2081-09-18A.D.: 2025-01-02,Local: 13:02UTC: 07:17,27.77,85.57,4.8,Sindhupalchok,2025-01-02,2081-09-18,13:02,07:17,2025-01-02 13:02:00,2025-01-02 07:17:00,2025-01-02 13:02:00,UTC
B.S.: 2081-09-19A.D.: 2025-01-03,Local: 08:03UTC: 02:18,29.57,82.19,4.4,Mugu,2025-01-03,2081-09-19,08:03,02:18,2025-01-03 08:03:00,2025-01-03 02:18:00,2025-01-03 08:03:00,UTC
B.S.: 2081-09-19A.D.: 2025-01-03,Local: 08:29UTC: 02:44,28.54,84.13,4.1,Manang,2025-01-03,2081-09-19,08:29,02:44,2025-01-03 08:29:00,2025-01-03 02:44:00,2025-01-03 08:29:00,UTC
B.S.: 2081-09-23A.D.: 2025-01-07,Local: 06:50UTC: 01:05,28.31,87.37,7,"Dinggye, China",2025-01-07,2081-09-23,06:50,01:05,2025-01-07 06:50:00,2025-01-07 01:05:00,2025-01-07 06:50:00,UTC
B.S.: 2081-10-22A.D.: 2025-02-04,Local: 17:20UTC: 11:35,28.98,81.5,4.4,Dailekh,2025-02-04,2081-10-22,17:20,11:35,2025-02-04 17:20:00,2025-02-04 11:35:00,2025-02-04 17:20:00,UTC
B.S.: 2081-10-30A.D.: 2025-02-12,Local: 15:38UTC: 09:53,29.35,82.18,4.1,Jumla,2025-02-12,2081-10-30,15:38,09:53,2025-02-12 15:38:00,2025-02-12 09:53:00,2025-02-12 15:38:00,UTC
B.S.: 2081-11-15A.D.: 2025-02-27,Local: 02:51UTC: 21:06,27.98,85.88,6.1,Sindhupalchok,2025-02-27,2081-11-15,02:51,21:06,2025-02-27 02:51:00,2025-02-27 21:06:00,2025-02-28 02:51:00,UTC
B.S.: 2081-11-23A.D.: 2025-03-07,Local: 03:14UTC: 21:29,28.53,83.33,4,Myagdi,2025-03-07,2081-11-23,03:14,21:29,2025-03-07 03:14:00,2025-03-07 21:29:00,2025-03-08 03:14:00,UTC
B.S.: 2081-11-24A.D.: 2025-03-08,Local: 06:20UTC: 00:35,28.46,83.22,4.1,Baglung,2025-03-08,2081-11-24,06:20,00:35,2025-03-08 06:20:00,2025-03-08 00:35:00,2025-03-08 06:20:00,UTC
B.S.: 2081-11-24A.D.: 2025-03-08,Local: 14:35UTC: 08:50,28.42,87.63,5.9,"Dinggye, China",2025-03-08,2081-11-24,14:35,08:50,2025-03-08 14:35:00,2025-03-08 08:50:00,2025-03-08 14:35:00,UTC
B.S.: 2081-11-26A.D.: 2025-03-10,Local: 04:11UTC: 22:26,28.28,84.13,4.3,Kaski,2025-03-10,2081-11-26,04:11,22:26,2025-03-10 04:11:00,2025-03-10 22:26:00,2025-03-11 04:11:00,UTC
B.S.: 2081-12-04A.D.: 2025-03-18,Local: 06:33UTC: 00:48,29.19,81.44,4.3,Achham,2025-03-18,2081-12-04,06:33,00:48,2025-03-18 06:33:00,2025-03-18 00:48:00,2025-03-18 06:33:00,UTC
B.S.: 2081-12-12A.D.: 2025-03-26,Local: 18:27UTC: 12:42,28.7,86.74,5.5,"Tingri, China",2025-03-26,2081-12-12,18:27,12:42,2025-03-26 18:27:00,2025-03-26 12:42:00,2025-03-26 18:27:00,UTC
B.S.: 2081-12-12A.D.: 2025-03-26,Local: 19:44UTC: 13:59,29.69,81.82,4.5,Humla,2025-03-26,2081-12-12,19:44,13:59,2025-03-26 19:44:00,2025-03-26 13:59:00,2025-03-26 19:44:00,UTC
B.S.: 2081-12-20A.D.: 2025-04-03,Local: 17:04UTC: 11:19,30.02,80.84,4,Darchula,2025-04-03,2081-12-20,17:04,11:19,2025-04-03 17:04:00,2025-04-03 11:19:00,2025-04-03 17:04:00,UTC
B.S.: 2081-12-21A.D.: 2025-04-04,Local: 20:07UTC: 14:22,28.95,82.12,5.2,Jajarkot,2025-04-04,2081-12-21,20:07,14:22,2025-04-04 20:07:00,2025-04-04 14:22:00,2025-04-04 20:07:00,UTC
B.S.: 2081-12-21A.D.: 2025-04-04,Local: 20:10UTC: 14:25,28.96,82.12,5.5,Jajarkot,2025-04-04,2081-12-21,20:10,14:25,2025-04-04 20:10:00,2025-04-04 14:25:00,2025-04-04 20:10:00,UTC
B.S.: 2082-05-01A.D.: 2025-08-17,Local: 15:43UTC: 09:58,27.7,86.53,4,Ramechhap,2025-08-17,2082-05-01,15:43,09:58,2025-08-17 15:43:00,2025-08-17 09:58:00,2025-08-17 15:43:00,UTC
B.S.: 2082-05-06A.D.: 2025-08-22,Local: 23:15UTC: 17:30,27.54,87.14,4.4,Sankhuwasabha*,2025-08-22,2082-05-06,23:15,17:30,2025-08-22 23:15:00,2025-08-22 17:30:00,2025-08-22 23:15:00,UTC
B.S.: 2051-10-16A.D.: 1995-01-30,Local: 11:00UTC: 05:15,29.38,82.3,4,Jumla,1995-01-30,2051-10-16,11:00,05:15,1995-01-30 11:00:00,1995-01-30 05:15:00,1995-01-30 11:00:00,UTC
